Workbook
Name ActivityEnd: Parametri!$F$12:$F$18
Name ActivityStart: Parametri!$E$12:$E$18
Name AvailabilityGrid: Planner!$B$17:$H$40
Name AvailabilityStates: Calcoli!$R$17:$X$40
Name AvailableZoneCodes: ZoneCatalog[Code]
Name CalendarCodes: Calendari!$A$6:$A$25
Name CalendarKeys: Parametri!$D$12:$D$18
Name DataFolder: Parametri!$B$25
Name ExtendedStepMinutes: Parametri!$C$7
Name LocationLabels: Parametri!$B$12:$B$18
Name PlannerDate: Parametri!$C$5
Name ReserveAfterHours: Parametri!$J$6
Name ReserveBeforeHours: Parametri!$J$5
Name SchemaVersion: 2
Name StartLocalTime: Parametri!$C$6
Name WeatherApiKey: Parametri!$B$32
Name WeeklyRestDays: Parametri!$G$12:$M$18
Name ZoneKeys: Parametri!$C$12:$C$18

Sheet Copertina
A2: WORKTRAIL
A3: Plan across time zones
A4: Quick guide. This page is informational. There are no fields to fill in.
A6: 1 Set up the planner in Parameters
A7: C5: date. C6: start time. J5 / J6: margins.
A8: C7: time step, 30 or 60 minutes.
A9: Rows 12:18: configure the 7 independent columns. The first is the home column.
A10: For each column, choose a city, time zone, calendar and local hours.
A11: Days of the week: 1 = rest, 0 = activity.
A13: 2 Choose the view and print
A14: Planner: 24 hourly instants on one landscape A4 page.
A15: Extended: 48 instants on two A4 pages. The step follows Parameters C7.
... A19: 3 Read the day rules
A20: Saints / religious observances | D20: Information only.
A21: National holidays / patron | D21: Holiday: rest. Patron: where applicable.
A22: Weekend | D22: Follows the personal weekly rest rule.
A23: Leave / closures / make-up days | D23: Personal exceptions take priority.
A24: Exceptions: column 1–7, inclusive start and end dates. Choose Rest or Activity.
A25: Activity uses standard hours and margins. Exceptions take precedence over holidays and weekends.
A27: 4 Know the calendar coverage
A28: National base 2026–2028: mainland China, India, South Korea, Japan,
A29: Bangladesh, Italy, France, Norway, Sweden, the United States and Canada.
A30: No regional subdivisions. Manual patron dates remain in Calendars.
A31: VN / BY / GB retained, but not fully loaded. Estimated or future dates are not official certainties.
A33: 5 Refresh data and check the weather
A34: Data > Refresh All: 6 queries. They normally read the 6 local CSV files.
A35: Parameters B32: optional OpenWeather key. Blank = weather from Weather.csv.
A36: With a key, the Weather query calls the API for each distinct selected city.
A37: Current weather, not a forecast for the selected date. Last update is in Info.
... A40: Refresh error: the latest data is retained. Check Queries and Connections.
A41: Available | D41: Reserve | G41: Rest
A43: Moon: informational only, with no effect on hours.
A44: Saints: incomplete selection, not an official religious calendar.

Sheet Parametri
A1: Your planning panel
A2: Edit the cream cells. The Planner updates immediately. Print from the Planner sheet.
A4: 01 DAY AND DISPLAY | F4: 02 ON-CALL WITH RESERVE
B5: Home date | C5: 46289 | F5: Hours before activity | J5: 2
B6: View start | C6: 0 | F6: Hours after activity | J6: 2
B7: Extended step (min) | C7: 30
B8: Extended duration (h) | C8: =48*C7/60 -> 24 | F8: Example: 09–18, 2/2 margins → reserve 07–09 and 18–20.
A10: 03 YOUR COLUMNS · first row = home time zone
A11: No. | B11: Location | C11: Time zone | D11: Calendar | E11: From | F11: To | G11: Mon | H11: Tue | I11: Wed | J11: Thu | K11: Fri | L11: Sat | M11: Sun
A12: 1 | B12: Hanoi | C12: hanoi | D12: VN | E12: 0.20833333 | F12: 0.95833333 | G12: 0 | H12: 0 | I12: 0 | J12: 0 | K12: 0 | L12: 0 | M12: 0
A13: 2 | B13: Mumbai | C13: mumbai | D13: IN | E13: 0.375 | F13: 0.75 | G13: 0 | H13: 0 | I13: 0 | J13: 0 | K13: 0 | L13: 1 | M13: 1
A14: 3 | B14: Minsk | C14: minsk | D14: BY | E14: 0.375 | F14: 0.75 | G14: 0 | H14: 0 | I14: 0 | J14: 0 | K14: 0 | L14: 1 | M14: 1
A15: 4 | B15: Rome | C15: rome | D15: IT | E15: 0.375 | F15: 0.75 | G15: 0 | H15: 0 | I15: 0 | J15: 0 | K15: 0 | L15: 1 | M15: 1
A16: 5 | B16: London | C16: london | D16: GB-ENG | E16: 0.375 | F16: 0.75 | G16: 0 | H16: 0 | I16: 0 | J16: 0 | K16: 0 | L16: 1 | M16: 1
A17: 6 | B17: New York | C17: new-york | D17: US | E17: 0.375 | F17: 0.75 | G17: 0 | H17: 0 | I17: 0 | J17: 0 | K17: 0 | L17: 1 | M17: 1
A18: 7 | B18: Los Angeles | C18: los-angeles | D18: US | E18: 0.375 | F18: 0.75 | G18: 0 | H18: 0 | I18: 0 | J18: 0 | K18: 0 | L18: 1 | M18: 1
A20: Days of the week: 1 = rest, 0 = apply the hours. You can choose any combination.
A21: Bangladesh example: dhaka time zone, BD calendar, Fri = 1 if Friday is a rest day. Choose the other days yourself.
A22: Local patron dates are in Calendars. Leave, closures and personal make-up days go in Exceptions and take priority.
A24: 04 CALENDARS FROM FILES · Data → Refresh All
A25: Folder
A27: CSV: Cities, DST_periods, Calendars, Saints, Moon_phases, Weather. Manual changes remain separate.
A28: Refresh All rereads the CSV files. It does not monitor the disk in real time; without a refresh, the last loaded copy remains.
A29: You can edit the path if you move the files. For import errors, check Data → Queries and Connections.
A30: OPENWEATHER WEATHER - optional, manual refresh
B31: OpenWeather API key
A32: API
A34: Vuota: legge Weather.csv. Compilata: Data > Refresh All interroga le città selezionate (meteo attuale).
A35: The key is stored as plain text in the file. Do not share a copy in which you entered the key.
A36: First connection: data-source permissions / Anonymous access to OpenWeather. No automatic refresh on open.

Sheet Eccezioni
A1: Personal exceptions
A3: Exceptions take precedence over holidays, national make-up days and weekly rest days.
A4: Rest: chiusura del Thurno intero. Activity: applica gli orari e i margins della colonna.
A5: Colonna = number 1–7 in Parametri. Dal e Al sono date locali incluse. Attiva: 1 sì, 0 no.
A7: Una sola eccezione attiva per colonna e Thurno. Una sovrapposizione rende lo stato non valido.
A9: Colonna | B9: Dal | C9: Al | D9: Effetto | E9: Motivo | F9: Active 0/1 | G9: Validazione
G10: =IFERROR(IF(COUNTA(A10:F10)=0,"",IF(AND(ISNUMBER(F10),F10=0),"",IF(AND(F10=1,ISNUMBER(A10),A10=INT(A10),A10>=1,A10<=7,ISNUMBER(B10),ISNUMBER(C10),B10=INT(B10),C10=INT(C10),B10>0,C10>=B10,OR(D10="Rest",D10="Activity")),"OK","CONTROLLA"))),"CONTROLLA")
G11: =IFERROR(IF(COUNTA(A11:F11)=0,"",IF(AND(ISNUMBER(F11),F11=0),"",IF(AND(F11=1,ISNUMBER(A11),A11=INT(A11),A11>=1,A11<=7,ISNUMBER(B11),ISNUMBER(C11),B11=INT(B11),C11=INT(C11),B11>0,C11>=B11,OR(D11="Rest",D11="Activity")),"OK","CONTROLLA"))),"CONTROLLA")
G12: =IFERROR(IF(COUNTA(A12:F12)=0,"",IF(AND(ISNUMBER(F12),F12=0),"",IF(AND(F12=1,ISNUMBER(A12),A12=INT(A12),A12>=1,A12<=7,ISNUMBER(B12),ISNUMBER(C12),B12=INT(B12),C12=INT(C12),B12>0,C12>=B12,OR(D12="Rest",D12="Activity")),"OK","CONTROLLA"))),"CONTROLLA")
G13: =IFERROR(IF(COUNTA(A13:F13)=0,"",IF(AND(ISNUMBER(F13),F13=0),"",IF(AND(F13=1,ISNUMBER(A13),A13=INT(A13),A13>=1,A13<=7,ISNUMBER(B13),ISNUMBER(C13),B13=INT(B13),C13=INT(C13),B13>0,C13>=B13,OR(D13="Rest",D13="Activity")),"OK","CONTROLLA"))),"CONTROLLA")
G14: =IFERROR(IF(COUNTA(A14:F14)=0,"",IF(AND(ISNUMBER(F14),F14=0),"",IF(AND(F14=1,ISNUMBER(A14),A14=INT(A14),A14>=1,A14<=7,ISNUMBER(B14),ISNUMBER(C14),B14=INT(B14),C14=INT(C14),B14>0,C14>=B14,OR(D14="Rest",D14="Activity")),"OK","CONTROLLA"))),"CONTROLLA")
G15: =IFERROR(IF(COUNTA(A15:F15)=0,"",IF(AND(ISNUMBER(F15),F15=0),"",IF(AND(F15=1,ISNUMBER(A15),A15=INT(A15),A15>=1,A15<=7,ISNUMBER(B15),ISNUMBER(C15),B15=INT(B15),C15=INT(C15),B15>0,C15>=B15,OR(D15="Rest",D15="Activity")),"OK","CONTROLLA"))),"CONTROLLA")
G16: =IFERROR(IF(COUNTA(A16:F16)=0,"",IF(AND(ISNUMBER(F16),F16=0),"",IF(AND(F16=1,ISNUMBER(A16),A16=INT(A16),A16>=1,A16<=7,ISNUMBER(B16),ISNUMBER(C16),B16=INT(B16),C16=INT(C16),B16>0,C16>=B16,OR(D16="Rest",D16="Activity")),"OK","CONTROLLA"))),"CONTROLLA")
G17: =IFERROR(IF(COUNTA(A17:F17)=0,"",IF(AND(ISNUMBER(F17),F17=0),"",IF(AND(F17=1,ISNUMBER(A17),A17=INT(A17),A17>=1,A17<=7,ISNUMBER(B17),ISNUMBER(C17),B17=INT(B17),C17=INT(C17),B17>0,C17>=B17,OR(D17="Rest",D17="Activity")),"OK","CONTROLLA"))),"CONTROLLA")
G18: =IFERROR(IF(COUNTA(A18:F18)=0,"",IF(AND(ISNUMBER(F18),F18=0),"",IF(AND(F18=1,ISNUMBER(A18),A18=INT(A18),A18>=1,A18<=7,ISNUMBER(B18),ISNUMBER(C18),B18=INT(B18),C18=INT(C18),B18>0,C18>=B18,OR(D18="Rest",D18="Activity")),"OK","CONTROLLA"))),"CONTROLLA")
G19: =IFERROR(IF(COUNTA(A19:F19)=0,"",IF(AND(ISNUMBER(F19),F19=0),"",IF(AND(F19=1,ISNUMBER(A19),A19=INT(A19),A19>=1,A19<=7,ISNUMBER(B19),ISNUMBER(C19),B19=INT(B19),C19=INT(C19),B19>0,C19>=B19,OR(D19="Rest",D19="Activity")),"OK","CONTROLLA"))),"CONTROLLA")
G20: =IFERROR(IF(COUNTA(A20:F20)=0,"",IF(AND(ISNUMBER(F20),F20=0),"",IF(AND(F20=1,ISNUMBER(A20),A20=INT(A20),A20>=1,A20<=7,ISNUMBER(B20),ISNUMBER(C20),B20=INT(B20),C20=INT(C20),B20>0,C20>=B20,OR(D20="Rest",D20="Activity")),"OK","CONTROLLA"))),"CONTROLLA")
G21: =IFERROR(IF(COUNTA(A21:F21)=0,"",IF(AND(ISNUMBER(F21),F21=0),"",IF(AND(F21=1,ISNUMBER(A21),A21=INT(A21),A21>=1,A21<=7,ISNUMBER(B21),ISNUMBER(C21),B21=INT(B21),C21=INT(C21),B21>0,C21>=B21,OR(D21="Rest",D21="Activity")),"OK","CONTROLLA"))),"CONTROLLA")
... G109: =IFERROR(IF(COUNTA(A109:F109)=0,"",IF(AND(ISNUMBER(F109),F109=0),"",IF(AND(F109=1,ISNUMBER(A109),A109=INT(A109),A109>=1,A109<=7,ISNUMBER(B109),ISNUMBER(C109),B109=INT(B109),C109=INT(C109),B109>0,C109>=B109,OR(D109="Rest",D109="Activity")),"OK","CONTROLLA"))),"CONTROLLA")

Sheet Planner
A1: Availability and time zones
A2: ="Day in "&Planner!B8&" | "&RIGHT("0"&DAY(Planner!B4),2)&"/"&RIGHT("0"&MONTH(Planner!B4),2)&"/"&YEAR(Planner!B4)&" | "&"24 hours, 60-minute intervals" -> Day in  Hanoi | 24/09/2026 | 24 hours, 60-minute intervals
A3: =Info!B3 -> Moon at view start: 🌔 Waxing gibbous | next: 🌕 Full moon 26/09 16:49 UTC
A4: Home date | B4: =Parametri!C5 -> 46289 | C4: From | D4: =Parametri!C6 -> 0 | E4: Extended (min) | F4: =Parametri!C7 -> 30 | G4: Extended hours | H4: =48*F4/60 -> 24
A5: Reserve before (h) | B5: =Parametri!J5 -> 2 | C5: After (h) | D5: =Parametri!J6 -> 2 | E5: Availability | F5: Local hours by column
A6: AVAILABLE | C6: WITH RESERVE | E6: NOT AVAILABLE | G6: F = local holiday
A7: =IF(NOT(Calcoli!$B$8),"CONTROLLA ECCEZIONI: completa le righe attive o disattivale.",IF(NOT(Calcoli!$B$7),"CHECK PARAMETERS: invalid date, time, time zone or margins.",IF(COUNTIF(Calcoli!$B$10:$H$10,FALSE)>0,"CONTROLLA PARAMETRI: fuso, calendario, orari o riposi non validi.",IF(COUNTIF(Calcoli!$R$17:$X$88,-1)>0,"CONTROLLA ECCEZIONI/FUSI: sovrapposizione di date o dati fuori copertura.","Personal exceptions > festività > recuperi nazionali > riposi settimanali > orari.")))) -> Personal exceptions > festività > recuperi nazionali > riposi settimanali > orari.
A8: Location | B8: =IF(LEN(Calcoli!B94)=2,_xlfn.UNICHAR(127397+CODE(LEFT(Calcoli!B94,1)))&_xlfn.UNICHAR(127397+CODE(RIGHT(Calcoli!B94,1)))&" ","")&Parametri!B12 ->  Hanoi | C8: =IF(LEN(Calcoli!C94)=2,_xlfn.UNICHAR(127397+CODE(LEFT(Calcoli!C94,1)))&_xlfn.UNICHAR(127397+CODE(RIGHT(Calcoli!C94,1)))&" ","")&Parametri!B13 ->  Mumbai | D8: =IF(LEN(Calcoli!D94)=2,_xlfn.UNICHAR(127397+CODE(LEFT(Calcoli!D94,1)))&_xlfn.UNICHAR(127397+CODE(RIGHT(Calcoli!D94,1)))&" ","")&Parametri!B14 ->  Minsk | E8: =IF(LEN(Calcoli!E94)=2,_xlfn.UNICHAR(127397+CODE(LEFT(Calcoli!E94,1)))&_xlfn.UNICHAR(127397+CODE(RIGHT(Calcoli!E94,1)))&" ","")&Parametri!B15 ->  Rome | F8: =IF(LEN(Calcoli!F94)=2,_xlfn.UNICHAR(127397+CODE(LEFT(Calcoli!F94,1)))&_xlfn.UNICHAR(127397+CODE(RIGHT(Calcoli!F94,1)))&" ","")&Parametri!B16 ->  London | G8: =IF(LEN(Calcoli!G94)=2,_xlfn.UNICHAR(127397+CODE(LEFT(Calcoli!G94,1)))&_xlfn.UNICHAR(127397+CODE(RIGHT(Calcoli!G94,1)))&" ","")&Parametri!B17 ->  New York | H8: =IF(LEN(Calcoli!H94)=2,_xlfn.UNICHAR(127397+CODE(LEFT(Calcoli!H94,1)))&_xlfn.UNICHAR(127397+CODE(RIGHT(Calcoli!H94,1)))&" ","")&Parametri!B18 ->  Los Angeles
A9: Time zone (code) | B9: =Parametri!C12 -> hanoi | C9: =Parametri!C13 -> mumbai | D9: =Parametri!C14 -> minsk | E9: =Parametri!C15 -> rome | F9: =Parametri!C16 -> london | G9: =Parametri!C17 -> new-york | H9: =Parametri!C18 -> los-angeles
A10: Calendar | B10: =Parametri!D12 -> VN | C10: =Parametri!D13 -> IN | D10: =Parametri!D14 -> BY | E10: =Parametri!D15 -> IT | F10: =Parametri!D16 -> GB-ENG | G10: =Parametri!D17 -> US | H10: =Parametri!D18 -> US
A11: Activity from | B11: =Parametri!E12 -> 0.20833333 | C11: =Parametri!E13 -> 0.375 | D11: =Parametri!E14 -> 0.375 | E11: =Parametri!E15 -> 0.375 | F11: =Parametri!E16 -> 0.375 | G11: =Parametri!E17 -> 0.375 | H11: =Parametri!E18 -> 0.375
A12: Activity to | B12: =Parametri!F12 -> 0.95833333 | C12: =Parametri!F13 -> 0.75 | D12: =Parametri!F14 -> 0.75 | E12: =Parametri!F15 -> 0.75 | F12: =Parametri!F16 -> 0.75 | G12: =Parametri!F17 -> 0.75 | H12: =Parametri!F18 -> 0.75
A13: Rest days | B13: =IF(SUM(Parametri!G12:M12)=0,"—",TRIM(IF(Parametri!G12=1,"Mon ","")&IF(Parametri!H12=1,"Tue ","")&IF(Parametri!I12=1,"Wed ","")&IF(Parametri!J12=1,"Thu ","")&IF(Parametri!K12=1,"Fri ","")&IF(Parametri!L12=1,"Sat ","")&IF(Parametri!M12=1,"Sun ",""))) -> — | C13: =IF(SUM(Parametri!G13:M13)=0,"—",TRIM(IF(Parametri!G13=1,"Mon ","")&IF(Parametri!H13=1,"Tue ","")&IF(Parametri!I13=1,"Wed ","")&IF(Parametri!J13=1,"Thu ","")&IF(Parametri!K13=1,"Fri ","")&IF(Parametri!L13=1,"Sat ","")&IF(Parametri!M13=1,"Sun ",""))) -> Sat Sun | D13: =IF(SUM(Parametri!G14:M14)=0,"—",TRIM(IF(Parametri!G14=1,"Mon ","")&IF(Parametri!H14=1,"Tue ","")&IF(Parametri!I14=1,"Wed ","")&IF(Parametri!J14=1,"Thu ","")&IF(Parametri!K14=1,"Fri ","")&IF(Parametri!L14=1,"Sat ","")&IF(Parametri!M14=1,"Sun ",""))) -> Sat Sun | E13: =IF(SUM(Parametri!G15:M15)=0,"—",TRIM(IF(Parametri!G15=1,"Mon ","")&IF(Parametri!H15=1,"Tue ","")&IF(Parametri!I15=1,"Wed ","")&IF(Parametri!J15=1,"Thu ","")&IF(Parametri!K15=1,"Fri ","")&IF(Parametri!L15=1,"Sat ","")&IF(Parametri!M15=1,"Sun ",""))) -> Sat Sun | F13: =IF(SUM(Parametri!G16:M16)=0,"—",TRIM(IF(Parametri!G16=1,"Mon ","")&IF(Parametri!H16=1,"Tue ","")&IF(Parametri!I16=1,"Wed ","")&IF(Parametri!J16=1,"Thu ","")&IF(Parametri!K16=1,"Fri ","")&IF(Parametri!L16=1,"Sat ","")&IF(Parametri!M16=1,"Sun ",""))) -> Sat Sun | G13: =IF(SUM(Parametri!G17:M17)=0,"—",TRIM(IF(Parametri!G17=1,"Mon ","")&IF(Parametri!H17=1,"Tue ","")&IF(Parametri!I17=1,"Wed ","")&IF(Parametri!J17=1,"Thu ","")&IF(Parametri!K17=1,"Fri ","")&IF(Parametri!L17=1,"Sat ","")&IF(Parametri!M17=1,"Sun ",""))) -> Sat Sun | H13: =IF(SUM(Parametri!G18:M18)=0,"—",TRIM(IF(Parametri!G18=1,"Mon ","")&IF(Parametri!H18=1,"Tue ","")&IF(Parametri!I18=1,"Wed ","")&IF(Parametri!J18=1,"Thu ","")&IF(Parametri!K18=1,"Fri ","")&IF(Parametri!L18=1,"Sat ","")&IF(Parametri!M18=1,"Sun ",""))) -> Sat Sun
A14: Holiday coverage | B14: =Calcoli!B14 -> Not loaded | C14: =Calcoli!C14 -> Outside period | D14: =Calcoli!D14 -> Not loaded | E14: =Calcoli!E14 -> Outside period | F14: =Calcoli!F14 -> Outside period | G14: =Calcoli!G14 -> Outside period | H14: =Calcoli!H14 -> Outside period
A15: =Info!B4 -> Observances (info only): Blessed Virgin Mary of Mercy
A16: UTC | B16: =B8 ->  Hanoi | C16: =C8 ->  Mumbai | D16: =D8 ->  Minsk | E16: =E8 ->  Rome | F16: =F8 ->  London | G16: =G8 ->  New York | H16: =H8 ->  Los Angeles
A17: =Calcoli!A17 -> 46288.708 | B17: =Calcoli!B17 -> 46289 | C17: =Calcoli!C17 -> 46288.938 | D17: =Calcoli!D17 -> 46288.833 | E17: =Calcoli!E17 -> 46288.792 | F17: =Calcoli!F17 -> 46288.75 | G17: =Calcoli!G17 -> 46288.542 | H17: =Calcoli!H17 -> 46288.417 | J17: =Calcoli!R17 -> 1 | K17: =Calcoli!S17 -> 0 | L17: =Calcoli!T17 -> 0 | M17: =Calcoli!U17 -> 1 | N17: =Calcoli!V17 -> 1 | O17: =Calcoli!W17 -> 2 | P17: =Calcoli!X17 -> 2 | R17: =Calcoli!Z17 -> 0 | S17: =Calcoli!AA17 -> 0 | T17: =Calcoli!AB17 -> 0 | U17: =Calcoli!AC17 -> 0 | V17: =Calcoli!AD17 -> 0 | W17: =Calcoli!AE17 -> 0 | X17: =Calcoli!AF17 -> 0
A18: =Calcoli!A18 -> 46288.75 | B18: =Calcoli!B18 -> 46289.042 | C18: =Calcoli!C18 -> 46288.979 | D18: =Calcoli!D18 -> 46288.875 | E18: =Calcoli!E18 -> 46288.833 | F18: =Calcoli!F18 -> 46288.792 | G18: =Calcoli!G18 -> 46288.583 | H18: =Calcoli!H18 -> 46288.458 | J18: =Calcoli!R18 -> 0 | K18: =Calcoli!S18 -> 0 | L18: =Calcoli!T18 -> 0 | M18: =Calcoli!U18 -> 0 | N18: =Calcoli!V18 -> 1 | O18: =Calcoli!W18 -> 2 | P18: =Calcoli!X18 -> 2 | R18: =Calcoli!Z18 -> 0 | S18: =Calcoli!AA18 -> 0 | T18: =Calcoli!AB18 -> 0 | U18: =Calcoli!AC18 -> 0 | V18: =Calcoli!AD18 -> 0 | W18: =Calcoli!AE18 -> 0 | X18: =Calcoli!AF18 -> 0
A19: =Calcoli!A19 -> 46288.792 | B19: =Calcoli!B19 -> 46289.083 | C19: =Calcoli!C19 -> 46289.021 | D19: =Calcoli!D19 -> 46288.917 | E19: =Calcoli!E19 -> 46288.875 | F19: =Calcoli!F19 -> 46288.833 | G19: =Calcoli!G19 -> 46288.625 | H19: =Calcoli!H19 -> 46288.5 | J19: =Calcoli!R19 -> 0 | K19: =Calcoli!S19 -> 0 | L19: =Calcoli!T19 -> 0 | M19: =Calcoli!U19 -> 0 | N19: =Calcoli!V19 -> 0 | O19: =Calcoli!W19 -> 2 | P19: =Calcoli!X19 -> 2 | R19: =Calcoli!Z19 -> 0 | S19: =Calcoli!AA19 -> 0 | T19: =Calcoli!AB19 -> 0 | U19: =Calcoli!AC19 -> 0 | V19: =Calcoli!AD19 -> 0 | W19: =Calcoli!AE19 -> 0 | X19: =Calcoli!AF19 -> 0
A20: =Calcoli!A20 -> 46288.833 | B20: =Calcoli!B20 -> 46289.125 | C20: =Calcoli!C20 -> 46289.062 | D20: =Calcoli!D20 -> 46288.958 | E20: =Calcoli!E20 -> 46288.917 | F20: =Calcoli!F20 -> 46288.875 | G20: =Calcoli!G20 -> 46288.667 | H20: =Calcoli!H20 -> 46288.542 | J20: =Calcoli!R20 -> 1 | K20: =Calcoli!S20 -> 0 | L20: =Calcoli!T20 -> 0 | M20: =Calcoli!U20 -> 0 | N20: =Calcoli!V20 -> 0 | O20: =Calcoli!W20 -> 2 | P20: =Calcoli!X20 -> 2 | R20: =Calcoli!Z20 -> 0 | S20: =Calcoli!AA20 -> 0 | T20: =Calcoli!AB20 -> 0 | U20: =Calcoli!AC20 -> 0 | V20: =Calcoli!AD20 -> 0 | W20: =Calcoli!AE20 -> 0 | X20: =Calcoli!AF20 -> 0
A21: =Calcoli!A21 -> 46288.875 | B21: =Calcoli!B21 -> 46289.167 | C21: =Calcoli!C21 -> 46289.104 | D21: =Calcoli!D21 -> 46289 | E21: =Calcoli!E21 -> 46288.958 | F21: =Calcoli!F21 -> 46288.917 | G21: =Calcoli!G21 -> 46288.708 | H21: =Calcoli!H21 -> 46288.583 | J21: =Calcoli!R21 -> 1 | K21: =Calcoli!S21 -> 0 | L21: =Calcoli!T21 -> 0 | M21: =Calcoli!U21 -> 0 | N21: =Calcoli!V21 -> 0 | O21: =Calcoli!W21 -> 2 | P21: =Calcoli!X21 -> 2 | R21: =Calcoli!Z21 -> 0 | S21: =Calcoli!AA21 -> 0 | T21: =Calcoli!AB21 -> 0 | U21: =Calcoli!AC21 -> 0 | V21: =Calcoli!AD21 -> 0 | W21: =Calcoli!AE21 -> 0 | X21: =Calcoli!AF21 -> 0
A22: =Calcoli!A22 -> 46288.917 | B22: =Calcoli!B22 -> 46289.208 | C22: =Calcoli!C22 -> 46289.146 | D22: =Calcoli!D22 -> 46289.042 | E22: =Calcoli!E22 -> 46289 | F22: =Calcoli!F22 -> 46288.958 | G22: =Calcoli!G22 -> 46288.75 | H22: =Calcoli!H22 -> 46288.625 | J22: =Calcoli!R22 -> 2 | K22: =Calcoli!S22 -> 0 | L22: =Calcoli!T22 -> 0 | M22: =Calcoli!U22 -> 0 | N22: =Calcoli!V22 -> 0 | O22: =Calcoli!W22 -> 1 | P22: =Calcoli!X22 -> 2 | R22: =Calcoli!Z22 -> 0 | S22: =Calcoli!AA22 -> 0 | T22: =Calcoli!AB22 -> 0 | U22: =Calcoli!AC22 -> 0 | V22: =Calcoli!AD22 -> 0 | W22: =Calcoli!AE22 -> 0 | X22: =Calcoli!AF22 -> 0
A23: =Calcoli!A23 -> 46288.958 | B23: =Calcoli!B23 -> 46289.25 | C23: =Calcoli!C23 -> 46289.188 | D23: =Calcoli!D23 -> 46289.083 | E23: =Calcoli!E23 -> 46289.042 | F23: =Calcoli!F23 -> 46289 | G23: =Calcoli!G23 -> 46288.792 | H23: =Calcoli!H23 -> 46288.667 | J23: =Calcoli!R23 -> 2 | K23: =Calcoli!S23 -> 0 | L23: =Calcoli!T23 -> 0 | M23: =Calcoli!U23 -> 0 | N23: =Calcoli!V23 -> 0 | O23: =Calcoli!W23 -> 1 | P23: =Calcoli!X23 -> 2 | R23: =Calcoli!Z23 -> 0 | S23: =Calcoli!AA23 -> 0 | T23: =Calcoli!AB23 -> 0 | U23: =Calcoli!AC23 -> 0 | V23: =Calcoli!AD23 -> 0 | W23: =Calcoli!AE23 -> 0 | X23: =Calcoli!AF23 -> 0
A24: =Calcoli!A24 -> 46289 | B24: =Calcoli!B24 -> 46289.292 | C24: =Calcoli!C24 -> 46289.229 | D24: =Calcoli!D24 -> 46289.125 | E24: =Calcoli!E24 -> 46289.083 | F24: =Calcoli!F24 -> 46289.042 | G24: =Calcoli!G24 -> 46288.833 | H24: =Calcoli!H24 -> 46288.708 | J24: =Calcoli!R24 -> 2 | K24: =Calcoli!S24 -> 0 | L24: =Calcoli!T24 -> 0 | M24: =Calcoli!U24 -> 0 | N24: =Calcoli!V24 -> 0 | O24: =Calcoli!W24 -> 0 | P24: =Calcoli!X24 -> 2 | R24: =Calcoli!Z24 -> 0 | S24: =Calcoli!AA24 -> 0 | T24: =Calcoli!AB24 -> 0 | U24: =Calcoli!AC24 -> 0 | V24: =Calcoli!AD24 -> 0 | W24: =Calcoli!AE24 -> 0 | X24: =Calcoli!AF24 -> 0
A25: =Calcoli!A25 -> 46289.042 | B25: =Calcoli!B25 -> 46289.333 | C25: =Calcoli!C25 -> 46289.271 | D25: =Calcoli!D25 -> 46289.167 | E25: =Calcoli!E25 -> 46289.125 | F25: =Calcoli!F25 -> 46289.083 | G25: =Calcoli!G25 -> 46288.875 | H25: =Calcoli!H25 -> 46288.75 | J25: =Calcoli!R25 -> 2 | K25: =Calcoli!S25 -> 0 | L25: =Calcoli!T25 -> 0 | M25: =Calcoli!U25 -> 0 | N25: =Calcoli!V25 -> 0 | O25: =Calcoli!W25 -> 0 | P25: =Calcoli!X25 -> 1 | R25: =Calcoli!Z25 -> 0 | S25: =Calcoli!AA25 -> 0 | T25: =Calcoli!AB25 -> 0 | U25: =Calcoli!AC25 -> 0 | V25: =Calcoli!AD25 -> 0 | W25: =Calcoli!AE25 -> 0 | X25: =Calcoli!AF25 -> 0
A26: =Calcoli!A26 -> 46289.083 | B26: =Calcoli!B26 -> 46289.375 | C26: =Calcoli!C26 -> 46289.312 | D26: =Calcoli!D26 -> 46289.208 | E26: =Calcoli!E26 -> 46289.167 | F26: =Calcoli!F26 -> 46289.125 | G26: =Calcoli!G26 -> 46288.917 | H26: =Calcoli!H26 -> 46288.792 | J26: =Calcoli!R26 -> 2 | K26: =Calcoli!S26 -> 1 | L26: =Calcoli!T26 -> 0 | M26: =Calcoli!U26 -> 0 | N26: =Calcoli!V26 -> 0 | O26: =Calcoli!W26 -> 0 | P26: =Calcoli!X26 -> 1 | R26: =Calcoli!Z26 -> 0 | S26: =Calcoli!AA26 -> 0 | T26: =Calcoli!AB26 -> 0 | U26: =Calcoli!AC26 -> 0 | V26: =Calcoli!AD26 -> 0 | W26: =Calcoli!AE26 -> 0 | X26: =Calcoli!AF26 -> 0
A27: =Calcoli!A27 -> 46289.125 | B27: =Calcoli!B27 -> 46289.417 | C27: =Calcoli!C27 -> 46289.354 | D27: =Calcoli!D27 -> 46289.25 | E27: =Calcoli!E27 -> 46289.208 | F27: =Calcoli!F27 -> 46289.167 | G27: =Calcoli!G27 -> 46288.958 | H27: =Calcoli!H27 -> 46288.833 | J27: =Calcoli!R27 -> 2 | K27: =Calcoli!S27 -> 1 | L27: =Calcoli!T27 -> 0 | M27: =Calcoli!U27 -> 0 | N27: =Calcoli!V27 -> 0 | O27: =Calcoli!W27 -> 0 | P27: =Calcoli!X27 -> 0 | R27: =Calcoli!Z27 -> 0 | S27: =Calcoli!AA27 -> 0 | T27: =Calcoli!AB27 -> 0 | U27: =Calcoli!AC27 -> 0 | V27: =Calcoli!AD27 -> 0 | W27: =Calcoli!AE27 -> 0 | X27: =Calcoli!AF27 -> 0
A28: =Calcoli!A28 -> 46289.167 | B28: =Calcoli!B28 -> 46289.458 | C28: =Calcoli!C28 -> 46289.396 | D28: =Calcoli!D28 -> 46289.292 | E28: =Calcoli!E28 -> 46289.25 | F28: =Calcoli!F28 -> 46289.208 | G28: =Calcoli!G28 -> 46289 | H28: =Calcoli!H28 -> 46288.875 | J28: =Calcoli!R28 -> 2 | K28: =Calcoli!S28 -> 2 | L28: =Calcoli!T28 -> 1 | M28: =Calcoli!U28 -> 0 | N28: =Calcoli!V28 -> 0 | O28: =Calcoli!W28 -> 0 | P28: =Calcoli!X28 -> 0 | R28: =Calcoli!Z28 -> 0 | S28: =Calcoli!AA28 -> 0 | T28: =Calcoli!AB28 -> 0 | U28: =Calcoli!AC28 -> 0 | V28: =Calcoli!AD28 -> 0 | W28: =Calcoli!AE28 -> 0 | X28: =Calcoli!AF28 -> 0
... A40: =Calcoli!A40 -> 46289.667 | B40: =Calcoli!B40 -> 46289.958 | C40: =Calcoli!C40 -> 46289.896 | D40: =Calcoli!D40 -> 46289.792 | E40: =Calcoli!E40 -> 46289.75 | F40: =Calcoli!F40 -> 46289.708 | G40: =Calcoli!G40 -> 46289.5 | H40: =Calcoli!H40 -> 46289.375 | J40: =Calcoli!R40 -> 1 | K40: =Calcoli!S40 -> 0 | L40: =Calcoli!T40 -> 1 | M40: =Calcoli!U40 -> 1 | N40: =Calcoli!V40 -> 2 | O40: =Calcoli!W40 -> 2 | P40: =Calcoli!X40 -> 2 | R40: =Calcoli!Z40 -> 0 | S40: =Calcoli!AA40 -> 0 | T40: =Calcoli!AB40 -> 0 | U40: =Calcoli!AC40 -> 0 | V40: =Calcoli!AD40 -> 0 | W40: =Calcoli!AE40 -> 0 | X40: =Calcoli!AF40 -> 0
A41: Current weather* | B41: =IF(COUNTIF(Weather[Code],B9)=0,"Not loaded",IF(INDEX(Weather[TemperatureC],MATCH(B9,Weather[Code],0))="","Non disponibile",IF(OR(LEFT(INDEX(Weather[Status],MATCH(B9,Weather[Code],0)),5)="stale",ISNUMBER(SEARCH("aged",INDEX(Weather[Status],MATCH(B9,Weather[Code],0))))),"! ","")&Calcoli!B96&" "&ROUND(INDEX(Weather[TemperatureC],MATCH(B9,Weather[Code],0)),0)&" °C "&LEFT(INDEX(Weather[Description],MATCH(B9,Weather[Code],0)),15)&CHAR(10)&TEXT(DAY(INDEX(Weather[ObservedUtc],MATCH(B9,Weather[Code],0))),"00")&"/"&TEXT(MONTH(INDEX(Weather[ObservedUtc],MATCH(B9,Weather[Code],0))),"00")&" "&TEXT(HOUR(INDEX(Weather[ObservedUtc],MATCH(B9,Weather[Code],0))),"00")&":"&TEXT(MINUTE(INDEX(Weather[ObservedUtc],MATCH(B9,Weather[Code],0))),"00")&" UTC")) -> 26 °C few clouds 23/09 20:56 UTC | C41: =IF(COUNTIF(Weather[Code],C9)=0,"Not loaded",IF(INDEX(Weather[TemperatureC],MATCH(C9,Weather[Code],0))="","Non disponibile",IF(OR(LEFT(INDEX(Weather[Status],MATCH(C9,Weather[Code],0)),5)="stale",ISNUMBER(SEARCH("aged",INDEX(Weather[Status],MATCH(C9,Weather[Code],0))))),"! ","")&Calcoli!C96&" "&ROUND(INDEX(Weather[TemperatureC],MATCH(C9,Weather[Code],0)),0)&" °C "&LEFT(INDEX(Weather[Description],MATCH(C9,Weather[Code],0)),15)&CHAR(10)&TEXT(DAY(INDEX(Weather[ObservedUtc],MATCH(C9,Weather[Code],0))),"00")&"/"&TEXT(MONTH(INDEX(Weather[ObservedUtc],MATCH(C9,Weather[Code],0))),"00")&" "&TEXT(HOUR(INDEX(Weather[ObservedUtc],MATCH(C9,Weather[Code],0))),"00")&":"&TEXT(MINUTE(INDEX(Weather[ObservedUtc],MATCH(C9,Weather[Code],0))),"00")&" UTC")) -> 🌧️ 29 °C light rain 23/09 20:56 UTC | D41: =IF(COUNTIF(Weather[Code],D9)=0,"Not loaded",IF(INDEX(Weather[TemperatureC],MATCH(D9,Weather[Code],0))="","Non disponibile",IF(OR(LEFT(INDEX(Weather[Status],MATCH(D9,Weather[Code],0)),5)="stale",ISNUMBER(SEARCH("aged",INDEX(Weather[Status],MATCH(D9,Weather[Code],0))))),"! ","")&Calcoli!D96&" "&ROUND(INDEX(Weather[TemperatureC],MATCH(D9,Weather[Code],0)),0)&" °C "&LEFT(INDEX(Weather[Description],MATCH(D9,Weather[Code],0)),15)&CHAR(10)&TEXT(DAY(INDEX(Weather[ObservedUtc],MATCH(D9,Weather[Code],0))),"00")&"/"&TEXT(MONTH(INDEX(Weather[ObservedUtc],MATCH(D9,Weather[Code],0))),"00")&" "&TEXT(HOUR(INDEX(Weather[ObservedUtc],MATCH(D9,Weather[Code],0))),"00")&":"&TEXT(MINUTE(INDEX(Weather[ObservedUtc],MATCH(D9,Weather[Code],0))),"00")&" UTC")) -> ⛅ 9 °C scattered clouds 23/09 20:56 UTC | E41: =IF(COUNTIF(Weather[Code],E9)=0,"Not loaded",IF(INDEX(Weather[TemperatureC],MATCH(E9,Weather[Code],0))="","Non disponibile",IF(OR(LEFT(INDEX(Weather[Status],MATCH(E9,Weather[Code],0)),5)="stale",ISNUMBER(SEARCH("aged",INDEX(Weather[Status],MATCH(E9,Weather[Code],0))))),"! ","")&Calcoli!E96&" "&ROUND(INDEX(Weather[TemperatureC],MATCH(E9,Weather[Code],0)),0)&" °C "&LEFT(INDEX(Weather[Description],MATCH(E9,Weather[Code],0)),15)&CHAR(10)&TEXT(DAY(INDEX(Weather[ObservedUtc],MATCH(E9,Weather[Code],0))),"00")&"/"&TEXT(MONTH(INDEX(Weather[ObservedUtc],MATCH(E9,Weather[Code],0))),"00")&" "&TEXT(HOUR(INDEX(Weather[ObservedUtc],MATCH(E9,Weather[Code],0))),"00")&":"&TEXT(MINUTE(INDEX(Weather[ObservedUtc],MATCH(E9,Weather[Code],0))),"00")&" UTC")) -> ☀️ 21 °C clear sky 23/09 20:56 UTC | F41: =IF(COUNTIF(Weather[Code],F9)=0,"Not loaded",IF(INDEX(Weather[TemperatureC],MATCH(F9,Weather[Code],0))="","Non disponibile",IF(OR(LEFT(INDEX(Weather[Status],MATCH(F9,Weather[Code],0)),5)="stale",ISNUMBER(SEARCH("aged",INDEX(Weather[Status],MATCH(F9,Weather[Code],0))))),"! ","")&Calcoli!F96&" "&ROUND(INDEX(Weather[TemperatureC],MATCH(F9,Weather[Code],0)),0)&" °C "&LEFT(INDEX(Weather[Description],MATCH(F9,Weather[Code],0)),15)&CHAR(10)&TEXT(DAY(INDEX(Weather[ObservedUtc],MATCH(F9,Weather[Code],0))),"00")&"/"&TEXT(MONTH(INDEX(Weather[ObservedUtc],MATCH(F9,Weather[Code],0))),"00")&" "&TEXT(HOUR(INDEX(Weather[ObservedUtc],MATCH(F9,Weather[Code],0))),"00")&":"&TEXT(MINUTE(INDEX(Weather[ObservedUtc],MATCH(F9,Weather[Code],0))),"00")&" UTC")) -> ⛅ 16 °C scattered clouds 23/09 20:55 UTC | G41: =IF(COUNTIF(Weather[Code],G9)=0,"Not loaded",IF(INDEX(Weather[TemperatureC],MATCH(G9,Weather[Code],0))="","Non disponibile",IF(OR(LEFT(INDEX(Weather[Status],MATCH(G9,Weather[Code],0)),5)="stale",ISNUMBER(SEARCH("aged",INDEX(Weather[Status],MATCH(G9,Weather[Code],0))))),"! ","")&Calcoli!G96&" "&ROUND(INDEX(Weather[TemperatureC],MATCH(G9,Weather[Code],0)),0)&" °C "&LEFT(INDEX(Weather[Description],MATCH(G9,Weather[Code],0)),15)&CHAR(10)&TEXT(DAY(INDEX(Weather[ObservedUtc],MATCH(G9,Weather[Code],0))),"00")&"/"&TEXT(MONTH(INDEX(Weather[ObservedUtc],MATCH(G9,Weather[Code],0))),"00")&" "&TEXT(HOUR(INDEX(Weather[ObservedUtc],MATCH(G9,Weather[Code],0))),"00")&":"&TEXT(MINUTE(INDEX(Weather[ObservedUtc],MATCH(G9,Weather[Code],0))),"00")&" UTC")) -> 🌡️ 20 °C overcast 23/09 20:55 UTC | H41: =IF(COUNTIF(Weather[Code],H9)=0,"Not loaded",IF(INDEX(Weather[TemperatureC],MATCH(H9,Weather[Code],0))="","Non disponibile",IF(OR(LEFT(INDEX(Weather[Status],MATCH(H9,Weather[Code],0)),5)="stale",ISNUMBER(SEARCH("aged",INDEX(Weather[Status],MATCH(H9,Weather[Code],0))))),"! ","")&Calcoli!H96&" "&ROUND(INDEX(Weather[TemperatureC],MATCH(H9,Weather[Code],0)),0)&" °C "&LEFT(INDEX(Weather[Description],MATCH(H9,Weather[Code],0)),15)&CHAR(10)&TEXT(DAY(INDEX(Weather[ObservedUtc],MATCH(H9,Weather[Code],0))),"00")&"/"&TEXT(MONTH(INDEX(Weather[ObservedUtc],MATCH(H9,Weather[Code],0))),"00")&" "&TEXT(HOUR(INDEX(Weather[ObservedUtc],MATCH(H9,Weather[Code],0))),"00")&":"&TEXT(MINUTE(INDEX(Weather[ObservedUtc],MATCH(H9,Weather[Code],0))),"00")&" UTC")) -> ☀️ 29 °C clear sky 23/09 20:52 UTC
A42: F: local holiday, even when an exception applies. *Weather: latest reading and status in Info; not a forecast.

Sheet Estesa
A1: Availability and time zones — extended view
A2: ="Day in "&Planner!B8&" | "&RIGHT("0"&DAY(Planner!B4),2)&"/"&RIGHT("0"&MONTH(Planner!B4),2)&"/"&YEAR(Planner!B4)&" | "&Planner!H4&" ore, intervalli di "&Planner!F4&" minuti" -> Day in  Hanoi | 24/09/2026 | 24 hours, 30-minute intervals
A3: =Info!B3 -> Moon at view start: 🌔 Waxing gibbous | next: 🌕 Full moon 26/09 16:49 UTC
A4: Home date | B4: =Parametri!C5 -> 46289 | C4: From | D4: =Parametri!C6 -> 0 | E4: Extended (min) | F4: =Parametri!C7 -> 30 | G4: Extended hours | H4: =48*F4/60 -> 24
A5: Reserve before (h) | B5: =Parametri!J5 -> 2 | C5: After (h) | D5: =Parametri!J6 -> 2 | E5: Availability | F5: Local hours by column
A6: AVAILABLE | C6: WITH RESERVE | E6: NOT AVAILABLE | G6: F = local holiday
A7: =IF(NOT(Calcoli!$B$8),"CONTROLLA ECCEZIONI: completa le righe attive o disattivale.",IF(NOT(Calcoli!$B$7),"CHECK PARAMETERS: invalid date, time, time zone or margins.",IF(COUNTIF(Calcoli!$B$10:$H$10,FALSE)>0,"CONTROLLA PARAMETRI: fuso, calendario, orari o riposi non validi.",IF(COUNTIF(Calcoli!$R$17:$X$88,-1)>0,"CONTROLLA ECCEZIONI/FUSI: sovrapposizione di date o dati fuori copertura.","Personal exceptions > festività > recuperi nazionali > riposi settimanali > orari.")))) -> Personal exceptions > festività > recuperi nazionali > riposi settimanali > orari.
A8: Location | B8: =Planner!B8 ->  Hanoi | C8: =Planner!C8 ->  Mumbai | D8: =Planner!D8 ->  Minsk | E8: =Planner!E8 ->  Rome | F8: =Planner!F8 ->  London | G8: =Planner!G8 ->  New York | H8: =Planner!H8 ->  Los Angeles
A9: Time zone (code) | B9: =Parametri!C12 -> hanoi | C9: =Parametri!C13 -> mumbai | D9: =Parametri!C14 -> minsk | E9: =Parametri!C15 -> rome | F9: =Parametri!C16 -> london | G9: =Parametri!C17 -> new-york | H9: =Parametri!C18 -> los-angeles
A10: Calendar | B10: =Parametri!D12 -> VN | C10: =Parametri!D13 -> IN | D10: =Parametri!D14 -> BY | E10: =Parametri!D15 -> IT | F10: =Parametri!D16 -> GB-ENG | G10: =Parametri!D17 -> US | H10: =Parametri!D18 -> US
A11: Activity from | B11: =Parametri!E12 -> 0.20833333 | C11: =Parametri!E13 -> 0.375 | D11: =Parametri!E14 -> 0.375 | E11: =Parametri!E15 -> 0.375 | F11: =Parametri!E16 -> 0.375 | G11: =Parametri!E17 -> 0.375 | H11: =Parametri!E18 -> 0.375
A12: Activity to | B12: =Parametri!F12 -> 0.95833333 | C12: =Parametri!F13 -> 0.75 | D12: =Parametri!F14 -> 0.75 | E12: =Parametri!F15 -> 0.75 | F12: =Parametri!F16 -> 0.75 | G12: =Parametri!F17 -> 0.75 | H12: =Parametri!F18 -> 0.75
A13: Rest days | B13: =IF(SUM(Parametri!G12:M12)=0,"—",TRIM(IF(Parametri!G12=1,"Mon ","")&IF(Parametri!H12=1,"Tue ","")&IF(Parametri!I12=1,"Wed ","")&IF(Parametri!J12=1,"Thu ","")&IF(Parametri!K12=1,"Fri ","")&IF(Parametri!L12=1,"Sat ","")&IF(Parametri!M12=1,"Sun ",""))) -> — | C13: =IF(SUM(Parametri!G13:M13)=0,"—",TRIM(IF(Parametri!G13=1,"Mon ","")&IF(Parametri!H13=1,"Tue ","")&IF(Parametri!I13=1,"Wed ","")&IF(Parametri!J13=1,"Thu ","")&IF(Parametri!K13=1,"Fri ","")&IF(Parametri!L13=1,"Sat ","")&IF(Parametri!M13=1,"Sun ",""))) -> Sat Sun | D13: =IF(SUM(Parametri!G14:M14)=0,"—",TRIM(IF(Parametri!G14=1,"Mon ","")&IF(Parametri!H14=1,"Tue ","")&IF(Parametri!I14=1,"Wed ","")&IF(Parametri!J14=1,"Thu ","")&IF(Parametri!K14=1,"Fri ","")&IF(Parametri!L14=1,"Sat ","")&IF(Parametri!M14=1,"Sun ",""))) -> Sat Sun | E13: =IF(SUM(Parametri!G15:M15)=0,"—",TRIM(IF(Parametri!G15=1,"Mon ","")&IF(Parametri!H15=1,"Tue ","")&IF(Parametri!I15=1,"Wed ","")&IF(Parametri!J15=1,"Thu ","")&IF(Parametri!K15=1,"Fri ","")&IF(Parametri!L15=1,"Sat ","")&IF(Parametri!M15=1,"Sun ",""))) -> Sat Sun | F13: =IF(SUM(Parametri!G16:M16)=0,"—",TRIM(IF(Parametri!G16=1,"Mon ","")&IF(Parametri!H16=1,"Tue ","")&IF(Parametri!I16=1,"Wed ","")&IF(Parametri!J16=1,"Thu ","")&IF(Parametri!K16=1,"Fri ","")&IF(Parametri!L16=1,"Sat ","")&IF(Parametri!M16=1,"Sun ",""))) -> Sat Sun | G13: =IF(SUM(Parametri!G17:M17)=0,"—",TRIM(IF(Parametri!G17=1,"Mon ","")&IF(Parametri!H17=1,"Tue ","")&IF(Parametri!I17=1,"Wed ","")&IF(Parametri!J17=1,"Thu ","")&IF(Parametri!K17=1,"Fri ","")&IF(Parametri!L17=1,"Sat ","")&IF(Parametri!M17=1,"Sun ",""))) -> Sat Sun | H13: =IF(SUM(Parametri!G18:M18)=0,"—",TRIM(IF(Parametri!G18=1,"Mon ","")&IF(Parametri!H18=1,"Tue ","")&IF(Parametri!I18=1,"Wed ","")&IF(Parametri!J18=1,"Thu ","")&IF(Parametri!K18=1,"Fri ","")&IF(Parametri!L18=1,"Sat ","")&IF(Parametri!M18=1,"Sun ",""))) -> Sat Sun
A14: Holiday coverage | B14: =Calcoli!B15 -> Not loaded | C14: =Calcoli!C15 -> Outside period | D14: =Calcoli!D15 -> Not loaded | E14: =Calcoli!E15 -> Outside period | F14: =Calcoli!F15 -> Outside period | G14: =Calcoli!G15 -> Outside period | H14: =Calcoli!H15 -> Outside period
A15: =Info!B4 -> Observances (info only): Blessed Virgin Mary of Mercy
A16: UTC | B16: =B8 ->  Hanoi | C16: =C8 ->  Mumbai | D16: =D8 ->  Minsk | E16: =E8 ->  Rome | F16: =F8 ->  London | G16: =G8 ->  New York | H16: =H8 ->  Los Angeles
A17: =Calcoli!A41 -> 46288.708 | B17: =Calcoli!B41 -> 46289 | C17: =Calcoli!C41 -> 46288.938 | D17: =Calcoli!D41 -> 46288.833 | E17: =Calcoli!E41 -> 46288.792 | F17: =Calcoli!F41 -> 46288.75 | G17: =Calcoli!G41 -> 46288.542 | H17: =Calcoli!H41 -> 46288.417 | J17: =Calcoli!R41 -> 1 | K17: =Calcoli!S41 -> 0 | L17: =Calcoli!T41 -> 0 | M17: =Calcoli!U41 -> 1 | N17: =Calcoli!V41 -> 1 | O17: =Calcoli!W41 -> 2 | P17: =Calcoli!X41 -> 2 | R17: =Calcoli!Z41 -> 0 | S17: =Calcoli!AA41 -> 0 | T17: =Calcoli!AB41 -> 0 | U17: =Calcoli!AC41 -> 0 | V17: =Calcoli!AD41 -> 0 | W17: =Calcoli!AE41 -> 0 | X17: =Calcoli!AF41 -> 0
A18: =Calcoli!A42 -> 46288.729 | B18: =Calcoli!B42 -> 46289.021 | C18: =Calcoli!C42 -> 46288.958 | D18: =Calcoli!D42 -> 46288.854 | E18: =Calcoli!E42 -> 46288.812 | F18: =Calcoli!F42 -> 46288.771 | G18: =Calcoli!G42 -> 46288.562 | H18: =Calcoli!H42 -> 46288.438 | J18: =Calcoli!R42 -> 1 | K18: =Calcoli!S42 -> 0 | L18: =Calcoli!T42 -> 0 | M18: =Calcoli!U42 -> 1 | N18: =Calcoli!V42 -> 1 | O18: =Calcoli!W42 -> 2 | P18: =Calcoli!X42 -> 2 | R18: =Calcoli!Z42 -> 0 | S18: =Calcoli!AA42 -> 0 | T18: =Calcoli!AB42 -> 0 | U18: =Calcoli!AC42 -> 0 | V18: =Calcoli!AD42 -> 0 | W18: =Calcoli!AE42 -> 0 | X18: =Calcoli!AF42 -> 0
A19: =Calcoli!A43 -> 46288.75 | B19: =Calcoli!B43 -> 46289.042 | C19: =Calcoli!C43 -> 46288.979 | D19: =Calcoli!D43 -> 46288.875 | E19: =Calcoli!E43 -> 46288.833 | F19: =Calcoli!F43 -> 46288.792 | G19: =Calcoli!G43 -> 46288.583 | H19: =Calcoli!H43 -> 46288.458 | J19: =Calcoli!R43 -> 0 | K19: =Calcoli!S43 -> 0 | L19: =Calcoli!T43 -> 0 | M19: =Calcoli!U43 -> 0 | N19: =Calcoli!V43 -> 1 | O19: =Calcoli!W43 -> 2 | P19: =Calcoli!X43 -> 2 | R19: =Calcoli!Z43 -> 0 | S19: =Calcoli!AA43 -> 0 | T19: =Calcoli!AB43 -> 0 | U19: =Calcoli!AC43 -> 0 | V19: =Calcoli!AD43 -> 0 | W19: =Calcoli!AE43 -> 0 | X19: =Calcoli!AF43 -> 0
A20: =Calcoli!A44 -> 46288.771 | B20: =Calcoli!B44 -> 46289.062 | C20: =Calcoli!C44 -> 46289 | D20: =Calcoli!D44 -> 46288.896 | E20: =Calcoli!E44 -> 46288.854 | F20: =Calcoli!F44 -> 46288.812 | G20: =Calcoli!G44 -> 46288.604 | H20: =Calcoli!H44 -> 46288.479 | J20: =Calcoli!R44 -> 0 | K20: =Calcoli!S44 -> 0 | L20: =Calcoli!T44 -> 0 | M20: =Calcoli!U44 -> 0 | N20: =Calcoli!V44 -> 1 | O20: =Calcoli!W44 -> 2 | P20: =Calcoli!X44 -> 2 | R20: =Calcoli!Z44 -> 0 | S20: =Calcoli!AA44 -> 0 | T20: =Calcoli!AB44 -> 0 | U20: =Calcoli!AC44 -> 0 | V20: =Calcoli!AD44 -> 0 | W20: =Calcoli!AE44 -> 0 | X20: =Calcoli!AF44 -> 0
A21: =Calcoli!A45 -> 46288.792 | B21: =Calcoli!B45 -> 46289.083 | C21: =Calcoli!C45 -> 46289.021 | D21: =Calcoli!D45 -> 46288.917 | E21: =Calcoli!E45 -> 46288.875 | F21: =Calcoli!F45 -> 46288.833 | G21: =Calcoli!G45 -> 46288.625 | H21: =Calcoli!H45 -> 46288.5 | J21: =Calcoli!R45 -> 0 | K21: =Calcoli!S45 -> 0 | L21: =Calcoli!T45 -> 0 | M21: =Calcoli!U45 -> 0 | N21: =Calcoli!V45 -> 0 | O21: =Calcoli!W45 -> 2 | P21: =Calcoli!X45 -> 2 | R21: =Calcoli!Z45 -> 0 | S21: =Calcoli!AA45 -> 0 | T21: =Calcoli!AB45 -> 0 | U21: =Calcoli!AC45 -> 0 | V21: =Calcoli!AD45 -> 0 | W21: =Calcoli!AE45 -> 0 | X21: =Calcoli!AF45 -> 0
A22: =Calcoli!A46 -> 46288.812 | B22: =Calcoli!B46 -> 46289.104 | C22: =Calcoli!C46 -> 46289.042 | D22: =Calcoli!D46 -> 46288.938 | E22: =Calcoli!E46 -> 46288.896 | F22: =Calcoli!F46 -> 46288.854 | G22: =Calcoli!G46 -> 46288.646 | H22: =Calcoli!H46 -> 46288.521 | J22: =Calcoli!R46 -> 0 | K22: =Calcoli!S46 -> 0 | L22: =Calcoli!T46 -> 0 | M22: =Calcoli!U46 -> 0 | N22: =Calcoli!V46 -> 0 | O22: =Calcoli!W46 -> 2 | P22: =Calcoli!X46 -> 2 | R22: =Calcoli!Z46 -> 0 | S22: =Calcoli!AA46 -> 0 | T22: =Calcoli!AB46 -> 0 | U22: =Calcoli!AC46 -> 0 | V22: =Calcoli!AD46 -> 0 | W22: =Calcoli!AE46 -> 0 | X22: =Calcoli!AF46 -> 0
A23: =Calcoli!A47 -> 46288.833 | B23: =Calcoli!B47 -> 46289.125 | C23: =Calcoli!C47 -> 46289.062 | D23: =Calcoli!D47 -> 46288.958 | E23: =Calcoli!E47 -> 46288.917 | F23: =Calcoli!F47 -> 46288.875 | G23: =Calcoli!G47 -> 46288.667 | H23: =Calcoli!H47 -> 46288.542 | J23: =Calcoli!R47 -> 1 | K23: =Calcoli!S47 -> 0 | L23: =Calcoli!T47 -> 0 | M23: =Calcoli!U47 -> 0 | N23: =Calcoli!V47 -> 0 | O23: =Calcoli!W47 -> 2 | P23: =Calcoli!X47 -> 2 | R23: =Calcoli!Z47 -> 0 | S23: =Calcoli!AA47 -> 0 | T23: =Calcoli!AB47 -> 0 | U23: =Calcoli!AC47 -> 0 | V23: =Calcoli!AD47 -> 0 | W23: =Calcoli!AE47 -> 0 | X23: =Calcoli!AF47 -> 0
A24: =Calcoli!A48 -> 46288.854 | B24: =Calcoli!B48 -> 46289.146 | C24: =Calcoli!C48 -> 46289.083 | D24: =Calcoli!D48 -> 46288.979 | E24: =Calcoli!E48 -> 46288.938 | F24: =Calcoli!F48 -> 46288.896 | G24: =Calcoli!G48 -> 46288.688 | H24: =Calcoli!H48 -> 46288.562 | J24: =Calcoli!R48 -> 1 | K24: =Calcoli!S48 -> 0 | L24: =Calcoli!T48 -> 0 | M24: =Calcoli!U48 -> 0 | N24: =Calcoli!V48 -> 0 | O24: =Calcoli!W48 -> 2 | P24: =Calcoli!X48 -> 2 | R24: =Calcoli!Z48 -> 0 | S24: =Calcoli!AA48 -> 0 | T24: =Calcoli!AB48 -> 0 | U24: =Calcoli!AC48 -> 0 | V24: =Calcoli!AD48 -> 0 | W24: =Calcoli!AE48 -> 0 | X24: =Calcoli!AF48 -> 0
A25: =Calcoli!A49 -> 46288.875 | B25: =Calcoli!B49 -> 46289.167 | C25: =Calcoli!C49 -> 46289.104 | D25: =Calcoli!D49 -> 46289 | E25: =Calcoli!E49 -> 46288.958 | F25: =Calcoli!F49 -> 46288.917 | G25: =Calcoli!G49 -> 46288.708 | H25: =Calcoli!H49 -> 46288.583 | J25: =Calcoli!R49 -> 1 | K25: =Calcoli!S49 -> 0 | L25: =Calcoli!T49 -> 0 | M25: =Calcoli!U49 -> 0 | N25: =Calcoli!V49 -> 0 | O25: =Calcoli!W49 -> 2 | P25: =Calcoli!X49 -> 2 | R25: =Calcoli!Z49 -> 0 | S25: =Calcoli!AA49 -> 0 | T25: =Calcoli!AB49 -> 0 | U25: =Calcoli!AC49 -> 0 | V25: =Calcoli!AD49 -> 0 | W25: =Calcoli!AE49 -> 0 | X25: =Calcoli!AF49 -> 0
A26: =Calcoli!A50 -> 46288.896 | B26: =Calcoli!B50 -> 46289.188 | C26: =Calcoli!C50 -> 46289.125 | D26: =Calcoli!D50 -> 46289.021 | E26: =Calcoli!E50 -> 46288.979 | F26: =Calcoli!F50 -> 46288.938 | G26: =Calcoli!G50 -> 46288.729 | H26: =Calcoli!H50 -> 46288.604 | J26: =Calcoli!R50 -> 1 | K26: =Calcoli!S50 -> 0 | L26: =Calcoli!T50 -> 0 | M26: =Calcoli!U50 -> 0 | N26: =Calcoli!V50 -> 0 | O26: =Calcoli!W50 -> 2 | P26: =Calcoli!X50 -> 2 | R26: =Calcoli!Z50 -> 0 | S26: =Calcoli!AA50 -> 0 | T26: =Calcoli!AB50 -> 0 | U26: =Calcoli!AC50 -> 0 | V26: =Calcoli!AD50 -> 0 | W26: =Calcoli!AE50 -> 0 | X26: =Calcoli!AF50 -> 0
A27: =Calcoli!A51 -> 46288.917 | B27: =Calcoli!B51 -> 46289.208 | C27: =Calcoli!C51 -> 46289.146 | D27: =Calcoli!D51 -> 46289.042 | E27: =Calcoli!E51 -> 46289 | F27: =Calcoli!F51 -> 46288.958 | G27: =Calcoli!G51 -> 46288.75 | H27: =Calcoli!H51 -> 46288.625 | J27: =Calcoli!R51 -> 2 | K27: =Calcoli!S51 -> 0 | L27: =Calcoli!T51 -> 0 | M27: =Calcoli!U51 -> 0 | N27: =Calcoli!V51 -> 0 | O27: =Calcoli!W51 -> 1 | P27: =Calcoli!X51 -> 2 | R27: =Calcoli!Z51 -> 0 | S27: =Calcoli!AA51 -> 0 | T27: =Calcoli!AB51 -> 0 | U27: =Calcoli!AC51 -> 0 | V27: =Calcoli!AD51 -> 0 | W27: =Calcoli!AE51 -> 0 | X27: =Calcoli!AF51 -> 0
A28: =Calcoli!A52 -> 46288.938 | B28: =Calcoli!B52 -> 46289.229 | C28: =Calcoli!C52 -> 46289.167 | D28: =Calcoli!D52 -> 46289.062 | E28: =Calcoli!E52 -> 46289.021 | F28: =Calcoli!F52 -> 46288.979 | G28: =Calcoli!G52 -> 46288.771 | H28: =Calcoli!H52 -> 46288.646 | J28: =Calcoli!R52 -> 2 | K28: =Calcoli!S52 -> 0 | L28: =Calcoli!T52 -> 0 | M28: =Calcoli!U52 -> 0 | N28: =Calcoli!V52 -> 0 | O28: =Calcoli!W52 -> 1 | P28: =Calcoli!X52 -> 2 | R28: =Calcoli!Z52 -> 0 | S28: =Calcoli!AA52 -> 0 | T28: =Calcoli!AB52 -> 0 | U28: =Calcoli!AC52 -> 0 | V28: =Calcoli!AD52 -> 0 | W28: =Calcoli!AE52 -> 0 | X28: =Calcoli!AF52 -> 0
... A64: =Calcoli!A88 -> 46289.688 | B64: =Calcoli!B88 -> 46289.979 | C64: =Calcoli!C88 -> 46289.917 | D64: =Calcoli!D88 -> 46289.812 | E64: =Calcoli!E88 -> 46289.771 | F64: =Calcoli!F88 -> 46289.729 | G64: =Calcoli!G88 -> 46289.521 | H64: =Calcoli!H88 -> 46289.396 | J64: =Calcoli!R88 -> 1 | K64: =Calcoli!S88 -> 0 | L64: =Calcoli!T88 -> 1 | M64: =Calcoli!U88 -> 1 | N64: =Calcoli!V88 -> 2 | O64: =Calcoli!W88 -> 2 | P64: =Calcoli!X88 -> 2 | R64: =Calcoli!Z88 -> 0 | S64: =Calcoli!AA88 -> 0 | T64: =Calcoli!AB88 -> 0 | U64: =Calcoli!AC88 -> 0 | V64: =Calcoli!AD88 -> 0 | W64: =Calcoli!AE88 -> 0 | X64: =Calcoli!AF88 -> 0
A65: Current weather* | B65: =IF(COUNTIF(Weather[Code],B9)=0,"Not loaded",IF(INDEX(Weather[TemperatureC],MATCH(B9,Weather[Code],0))="","Non disponibile",IF(OR(LEFT(INDEX(Weather[Status],MATCH(B9,Weather[Code],0)),5)="stale",ISNUMBER(SEARCH("aged",INDEX(Weather[Status],MATCH(B9,Weather[Code],0))))),"! ","")&Calcoli!B96&" "&ROUND(INDEX(Weather[TemperatureC],MATCH(B9,Weather[Code],0)),0)&" °C "&LEFT(INDEX(Weather[Description],MATCH(B9,Weather[Code],0)),15)&CHAR(10)&TEXT(DAY(INDEX(Weather[ObservedUtc],MATCH(B9,Weather[Code],0))),"00")&"/"&TEXT(MONTH(INDEX(Weather[ObservedUtc],MATCH(B9,Weather[Code],0))),"00")&" "&TEXT(HOUR(INDEX(Weather[ObservedUtc],MATCH(B9,Weather[Code],0))),"00")&":"&TEXT(MINUTE(INDEX(Weather[ObservedUtc],MATCH(B9,Weather[Code],0))),"00")&" UTC")) -> 26 °C few clouds 23/09 20:56 UTC | C65: =IF(COUNTIF(Weather[Code],C9)=0,"Not loaded",IF(INDEX(Weather[TemperatureC],MATCH(C9,Weather[Code],0))="","Non disponibile",IF(OR(LEFT(INDEX(Weather[Status],MATCH(C9,Weather[Code],0)),5)="stale",ISNUMBER(SEARCH("aged",INDEX(Weather[Status],MATCH(C9,Weather[Code],0))))),"! ","")&Calcoli!C96&" "&ROUND(INDEX(Weather[TemperatureC],MATCH(C9,Weather[Code],0)),0)&" °C "&LEFT(INDEX(Weather[Description],MATCH(C9,Weather[Code],0)),15)&CHAR(10)&TEXT(DAY(INDEX(Weather[ObservedUtc],MATCH(C9,Weather[Code],0))),"00")&"/"&TEXT(MONTH(INDEX(Weather[ObservedUtc],MATCH(C9,Weather[Code],0))),"00")&" "&TEXT(HOUR(INDEX(Weather[ObservedUtc],MATCH(C9,Weather[Code],0))),"00")&":"&TEXT(MINUTE(INDEX(Weather[ObservedUtc],MATCH(C9,Weather[Code],0))),"00")&" UTC")) -> 🌧️ 29 °C light rain 23/09 20:56 UTC | D65: =IF(COUNTIF(Weather[Code],D9)=0,"Not loaded",IF(INDEX(Weather[TemperatureC],MATCH(D9,Weather[Code],0))="","Non disponibile",IF(OR(LEFT(INDEX(Weather[Status],MATCH(D9,Weather[Code],0)),5)="stale",ISNUMBER(SEARCH("aged",INDEX(Weather[Status],MATCH(D9,Weather[Code],0))))),"! ","")&Calcoli!D96&" "&ROUND(INDEX(Weather[TemperatureC],MATCH(D9,Weather[Code],0)),0)&" °C "&LEFT(INDEX(Weather[Description],MATCH(D9,Weather[Code],0)),15)&CHAR(10)&TEXT(DAY(INDEX(Weather[ObservedUtc],MATCH(D9,Weather[Code],0))),"00")&"/"&TEXT(MONTH(INDEX(Weather[ObservedUtc],MATCH(D9,Weather[Code],0))),"00")&" "&TEXT(HOUR(INDEX(Weather[ObservedUtc],MATCH(D9,Weather[Code],0))),"00")&":"&TEXT(MINUTE(INDEX(Weather[ObservedUtc],MATCH(D9,Weather[Code],0))),"00")&" UTC")) -> ⛅ 9 °C scattered clouds 23/09 20:56 UTC | E65: =IF(COUNTIF(Weather[Code],E9)=0,"Not loaded",IF(INDEX(Weather[TemperatureC],MATCH(E9,Weather[Code],0))="","Non disponibile",IF(OR(LEFT(INDEX(Weather[Status],MATCH(E9,Weather[Code],0)),5)="stale",ISNUMBER(SEARCH("aged",INDEX(Weather[Status],MATCH(E9,Weather[Code],0))))),"! ","")&Calcoli!E96&" "&ROUND(INDEX(Weather[TemperatureC],MATCH(E9,Weather[Code],0)),0)&" °C "&LEFT(INDEX(Weather[Description],MATCH(E9,Weather[Code],0)),15)&CHAR(10)&TEXT(DAY(INDEX(Weather[ObservedUtc],MATCH(E9,Weather[Code],0))),"00")&"/"&TEXT(MONTH(INDEX(Weather[ObservedUtc],MATCH(E9,Weather[Code],0))),"00")&" "&TEXT(HOUR(INDEX(Weather[ObservedUtc],MATCH(E9,Weather[Code],0))),"00")&":"&TEXT(MINUTE(INDEX(Weather[ObservedUtc],MATCH(E9,Weather[Code],0))),"00")&" UTC")) -> ☀️ 21 °C clear sky 23/09 20:56 UTC | F65: =IF(COUNTIF(Weather[Code],F9)=0,"Not loaded",IF(INDEX(Weather[TemperatureC],MATCH(F9,Weather[Code],0))="","Non disponibile",IF(OR(LEFT(INDEX(Weather[Status],MATCH(F9,Weather[Code],0)),5)="stale",ISNUMBER(SEARCH("aged",INDEX(Weather[Status],MATCH(F9,Weather[Code],0))))),"! ","")&Calcoli!F96&" "&ROUND(INDEX(Weather[TemperatureC],MATCH(F9,Weather[Code],0)),0)&" °C "&LEFT(INDEX(Weather[Description],MATCH(F9,Weather[Code],0)),15)&CHAR(10)&TEXT(DAY(INDEX(Weather[ObservedUtc],MATCH(F9,Weather[Code],0))),"00")&"/"&TEXT(MONTH(INDEX(Weather[ObservedUtc],MATCH(F9,Weather[Code],0))),"00")&" "&TEXT(HOUR(INDEX(Weather[ObservedUtc],MATCH(F9,Weather[Code],0))),"00")&":"&TEXT(MINUTE(INDEX(Weather[ObservedUtc],MATCH(F9,Weather[Code],0))),"00")&" UTC")) -> ⛅ 16 °C scattered clouds 23/09 20:55 UTC | G65: =IF(COUNTIF(Weather[Code],G9)=0,"Not loaded",IF(INDEX(Weather[TemperatureC],MATCH(G9,Weather[Code],0))="","Non disponibile",IF(OR(LEFT(INDEX(Weather[Status],MATCH(G9,Weather[Code],0)),5)="stale",ISNUMBER(SEARCH("aged",INDEX(Weather[Status],MATCH(G9,Weather[Code],0))))),"! ","")&Calcoli!G96&" "&ROUND(INDEX(Weather[TemperatureC],MATCH(G9,Weather[Code],0)),0)&" °C "&LEFT(INDEX(Weather[Description],MATCH(G9,Weather[Code],0)),15)&CHAR(10)&TEXT(DAY(INDEX(Weather[ObservedUtc],MATCH(G9,Weather[Code],0))),"00")&"/"&TEXT(MONTH(INDEX(Weather[ObservedUtc],MATCH(G9,Weather[Code],0))),"00")&" "&TEXT(HOUR(INDEX(Weather[ObservedUtc],MATCH(G9,Weather[Code],0))),"00")&":"&TEXT(MINUTE(INDEX(Weather[ObservedUtc],MATCH(G9,Weather[Code],0))),"00")&" UTC")) -> 🌡️ 20 °C overcast 23/09 20:55 UTC | H65: =IF(COUNTIF(Weather[Code],H9)=0,"Not loaded",IF(INDEX(Weather[TemperatureC],MATCH(H9,Weather[Code],0))="","Non disponibile",IF(OR(LEFT(INDEX(Weather[Status],MATCH(H9,Weather[Code],0)),5)="stale",ISNUMBER(SEARCH("aged",INDEX(Weather[Status],MATCH(H9,Weather[Code],0))))),"! ","")&Calcoli!H96&" "&ROUND(INDEX(Weather[TemperatureC],MATCH(H9,Weather[Code],0)),0)&" °C "&LEFT(INDEX(Weather[Description],MATCH(H9,Weather[Code],0)),15)&CHAR(10)&TEXT(DAY(INDEX(Weather[ObservedUtc],MATCH(H9,Weather[Code],0))),"00")&"/"&TEXT(MONTH(INDEX(Weather[ObservedUtc],MATCH(H9,Weather[Code],0))),"00")&" "&TEXT(HOUR(INDEX(Weather[ObservedUtc],MATCH(H9,Weather[Code],0))),"00")&":"&TEXT(MINUTE(INDEX(Weather[ObservedUtc],MATCH(H9,Weather[Code],0))),"00")&" UTC")) -> ☀️ 29 °C clear sky 23/09 20:52 UTC
A66: F: local holiday, even when an exception applies. *Weather: latest reading and status in Info; not a forecast.

Sheet Calendari
A1: Holiday calendars
A2: Outside period 2026-2028. Dati = 1 indica dati presenti, non certifica completezza o applicabilità aziendale.
A3: Patroni locali: aggiungi date sotto con il calendario applicabile. Ferie e recuperi personali: usa Eccezioni.
A5: Codice | B5: Paese / reThun | C5: Dal | D5: Al | E5: Data 0/1 | F5: Source / notes
A6: Nessuno | B6: Holidays disattivate | C6: 46023 | D6: 47118 | E6: 1 | F6: No calendar applied.
A7: VN | B7: Vietnam | E7: 0 | F7: Inserire calendario ufficiale nazionale/locale.
A8: IN | B8: India | C8: 46023 | D8: 47118 | E8: 1 | F8: Nazionale; senza suddivisioni. holidays holidays 0.105; snapshot, non verifica ufficiale completa.
A9: BY | B9: Bielorussia | E9: 0 | F9: Inserire calendario ufficiale.
A10: IT | B10: Italia | C10: 46023 | D10: 47118 | E10: 1 | F10: Nazionale; senza suddivisioni. holidays holidays 0.105; snapshot, non verifica ufficiale completa.
A11: GB-ENG | B11: Inghilterra e Galles | C11: 46023 | D11: 47118 | E11: 1 | F11: https://www.gov.uk/bank-holidays
A12: US | B12: Stati Uniti | C12: 46023 | D12: 47118 | E12: 1 | F12: Nazionale; senza suddivisioni. holidays holidays 0.105; snapshot, non verifica ufficiale completa.
A13: BD | B13: Bangladesh | C13: 46023 | D13: 47118 | E13: 1 | F13: Nazionale; senza suddivisioni. holidays holidays 0.105; snapshot, non verifica ufficiale completa.
A14: CN | B14: Cina continentale | C14: 46023 | D14: 47118 | E14: 1 | F14: Nazionale; senza suddivisioni. holidays holidays 0.105; snapshot, non verifica ufficiale completa.
A15: KR | B15: Corea del Sud | C15: 46023 | D15: 47118 | E15: 1 | F15: Nazionale; senza suddivisioni. holidays holidays 0.105; snapshot, non verifica ufficiale completa.
A16: JP | B16: Giappone | C16: 46023 | D16: 47118 | E16: 1 | F16: Nazionale; senza suddivisioni. holidays holidays 0.105; snapshot, non verifica ufficiale completa.
A17: FR | B17: Francia | C17: 46023 | D17: 47118 | E17: 1 | F17: Nazionale; senza suddivisioni. holidays holidays 0.105; snapshot, non verifica ufficiale completa.
A18: NO | B18: Norvegia | C18: 46023 | D18: 47118 | E18: 1 | F18: Nazionale; senza suddivisioni. holidays holidays 0.105; snapshot, non verifica ufficiale completa.
A19: SE | B19: Svezia | C19: 46023 | D19: 47118 | E19: 1 | F19: Public + de_facto; domeniche ricorrenti escluse, gestite in Parametri. holidays holidays 0.105; snapshot, non verifica ufficiale completa.
A20: CA | B20: Canada | C20: 46023 | D20: 47118 | E20: 1 | F20: Base federale (public + government); non tutte le aziende. holidays holidays 0.105; snapshot, non verifica ufficiale completa.
A27: DATE MANUALI: patroni o altre festività applicabili. Attiva = 1 chiude il Thurno; Eccezioni può derogare.
A29: Calendar | B29: Local date | C29: Holidays / chiusura | D29: Active 0/1 | E29: Fonte

Sheet Da_file
A1: Holidays importate dal CSV
A2: Non modificare questa tabella: Refresh tutto la sostituisce con il contenuto del file indicato in Parametri.
A3: HOLIDAY = festività; WORKDAY = recupero nazionale. Status distingue stime e base da verificare. Personalizzazioni in Calendari/Eccezioni.
A5: Calendar | B5: Date | C5: Name | D5: Active | E5: Source | F5: Kind | G5: Status | H5: Version | I5: Updated
A6: BD | B6: 46057 | C6: Mid-Sha'ban | D6: 1 | E6: https://github.com/vacanza/holidays/blob/v0.105/holidays/countries/bangladesh.py | F6: HOLIDAY | G6: Da regole; non verificata singolarmente | H6: 0.105 | I6: 2026-09-23T20:51:39+00:00
A7: BD | B7: 46074 | C7: Tuetyrs' Day and International Mother Language Day | D7: 1 | E7: https://github.com/vacanza/holidays/blob/v0.105/holidays/countries/bangladesh.py | F7: HOLIDAY | G7: Da regole; non verificata singolarmente | H7: 0.105 | I7: 2026-09-23T20:51:39+00:00
A8: BD | B8: 46098 | C8: Laylat al-Qadr | D8: 1 | E8: https://github.com/vacanza/holidays/blob/v0.105/holidays/countries/bangladesh.py | F8: HOLIDAY | G8: Da regole; non verificata singolarmente | H8: 0.105 | I8: 2026-09-23T20:51:39+00:00
A9: BD | B9: 46101 | C9: Jumu'atul-Wida | D9: 1 | E9: https://github.com/vacanza/holidays/blob/v0.105/holidays/countries/bangladesh.py | F9: HOLIDAY | G9: Da regole; non verificata singolarmente | H9: 0.105 | I9: 2026-09-23T20:51:39+00:00
A10: BD | B10: 46102 | C10: Eid al-Fitr | D10: 1 | E10: https://github.com/vacanza/holidays/blob/v0.105/holidays/countries/bangladesh.py | F10: HOLIDAY | G10: Da regole; non verificata singolarmente | H10: 0.105 | I10: 2026-09-23T20:51:39+00:00
A11: BD | B11: 46103 | C11: Eid al-Fitr | D11: 1 | E11: https://github.com/vacanza/holidays/blob/v0.105/holidays/countries/bangladesh.py | F11: HOLIDAY | G11: Da regole; non verificata singolarmente | H11: 0.105 | I11: 2026-09-23T20:51:39+00:00
A12: BD | B12: 46104 | C12: Eid al-Fitr | D12: 1 | E12: https://github.com/vacanza/holidays/blob/v0.105/holidays/countries/bangladesh.py | F12: HOLIDAY | G12: Da regole; non verificata singolarmente | H12: 0.105 | I12: 2026-09-23T20:51:39+00:00
A13: BD | B13: 46107 | C13: Independence Day | D13: 1 | E13: https://github.com/vacanza/holidays/blob/v0.105/holidays/countries/bangladesh.py | F13: HOLIDAY | G13: Da regole; non verificata singolarmente | H13: 0.105 | I13: 2026-09-23T20:51:39+00:00
A14: BD | B14: 46126 | C14: Bengali New Year's Day | D14: 1 | E14: https://github.com/vacanza/holidays/blob/v0.105/holidays/countries/bangladesh.py | F14: HOLIDAY | G14: Da regole; non verificata singolarmente | H14: 0.105 | I14: 2026-09-23T20:51:39+00:00
A15: BD | B15: 46143 | C15: May Day | D15: 1 | E15: https://github.com/vacanza/holidays/blob/v0.105/holidays/countries/bangladesh.py | F15: HOLIDAY | G15: Da regole; non verificata singolarmente | H15: 0.105 | I15: 2026-09-23T20:51:39+00:00
A16: BD | B16: 46170 | C16: Eid al-Adha | D16: 1 | E16: https://github.com/vacanza/holidays/blob/v0.105/holidays/countries/bangladesh.py | F16: HOLIDAY | G16: Da regole; non verificata singolarmente | H16: 0.105 | I16: 2026-09-23T20:51:39+00:00
A17: BD | B17: 46171 | C17: Eid al-Adha | D17: 1 | E17: https://github.com/vacanza/holidays/blob/v0.105/holidays/countries/bangladesh.py | F17: HOLIDAY | G17: Da regole; non verificata singolarmente | H17: 0.105 | I17: 2026-09-23T20:51:39+00:00
... A547: US | B547: 47112 | C547: Christmas Day | D547: 1 | E547: https://github.com/vacanza/holidays/blob/v0.105/holidays/countries/united_states.py | F547: HOLIDAY | G547: Da regole; non verificata singolarmente | H547: 0.105 | I547: 2026-09-23T20:51:39+00:00

Sheet Info
A1: Informazioni del Thurno e fasi Moon phases
A2: Information does not close availability. To close a day, add an active date in Calendars or in the CSV.
B3: {=IFERROR("Moon at view start: "&VLOOKUP(IF(ABS(Calcoli!B6-INDEX(MoonPhases[Utc],MATCH(Calcoli!B6,MoonPhases[Utc],1)))<1/1440,INDEX(MoonPhases[Phase],MATCH(Calcoli!B6,MoonPhases[Utc],1)),INDEX(MoonPhases[Between],MATCH(Calcoli!B6,MoonPhases[Utc],1))),Calcoli!$J$95:$K$102,2,FALSE)&" "&IF(ABS(Calcoli!B6-INDEX(MoonPhases[Utc],MATCH(Calcoli!B6,MoonPhases[Utc],1)))<1/1440,INDEX(MoonPhases[Phase],MATCH(Calcoli!B6,MoonPhases[Utc],1)),INDEX(MoonPhases[Between],MATCH(Calcoli!B6,MoonPhases[Utc],1)))&" | next: "&VLOOKUP(INDEX(MoonPhases[Phase],MATCH(Calcoli!B6,MoonPhases[Utc],1)+1),Calcoli!$J$95:$K$102,2,FALSE)&" "&INDEX(MoonPhases[Phase],MATCH(Calcoli!B6,MoonPhases[Utc],1)+1)&" "&RIGHT("0"&DAY(INDEX(MoonPhases[Utc],MATCH(Calcoli!B6,MoonPhases[Utc],1)+1)),2)&"/"&RIGHT("0"&MONTH(INDEX(MoonPhases[Utc],MATCH(Calcoli!B6,MoonPhases[Utc],1)+1)),2)&" "&RIGHT("0"&HOUR(INDEX(MoonPhases[Utc],MATCH(Calcoli!B6,MoonPhases[Utc],1)+1)),2)&":"&RIGHT("0"&MINUTE(INDEX(MoonPhases[Utc],MATCH(Calcoli!B6,MoonPhases[Utc],1)+1)),2)&" UTC","Moon: invalid date or outside coverage")} -> Moon at view start: 🌔 Waxing gibbous | next: 🌕 Full moon 26/09 16:49 UTC
B4: =IF(COUNTIF(Saints[Key],MONTH(Parametri!C5)*100+DAY(Parametri!C5))=0,"Observances: no data in the selection (not a complete calendar)","Observances (info only): "&LEFT(INDEX(Saints[Name],MATCH(MONTH(Parametri!C5)*100+DAY(Parametri!C5),Saints[Key],0)),110)&IF(LEN(INDEX(Saints[Name],MATCH(MONTH(Parametri!C5)*100+DAY(Parametri!C5),Saints[Key],0)))>110,"... see Info","")) -> Observances (info only): Blessed Virgin Mary of Mercy
A6: METEO ATTUALE - ultima lettura, non previsione per la data del Planner
A7: Code | B7: ObservedUtc | C7: FetchedUtc | D7: TemperatureC | E7: FeelsLikeC | F7: Description | G7: WindMs | H7: Status | I7: Source
A8: hanoi | B8: 46288.872 | C8: 46288.872 | D8: 26 | E8: 26 | F8: few clouds | G8: 0.53 | H8: fetched | I8: OpenWeather
A9: mumbai | B9: 46288.873 | C9: 46288.872 | D9: 29.01 | E9: 35.67 | F9: light rain | G9: 2.57 | H9: fetched | I9: OpenWeather
A10: minsk | B10: 46288.873 | C10: 46288.872 | D10: 8.75 | E10: 6.84 | F10: scattered clouds | G10: 3.29 | H10: fetched | I10: OpenWeather
A11: rome | B11: 46288.873 | C11: 46288.872 | D11: 20.8 | E11: 20.35 | F11: clear sky | G11: 0.51 | H11: fetched | I11: OpenWeather
A12: london | B12: 46288.872 | C12: 46288.872 | D12: 15.99 | E12: 15.37 | F12: scattered clouds | G12: 3.6 | H12: fetched | I12: OpenWeather
A13: new-york | B13: 46288.872 | C13: 46288.873 | D13: 20.04 | E13: 19.35 | F13: overcast | G13: 10.28 | H13: fetched | I13: OpenWeather
A14: los-angeles | B14: 46288.869 | C14: 46288.873 | D14: 28.61 | E14: 30.53 | F14: clear sky | G14: 5.66 | H14: fetched | I14: OpenWeather
A16: OpenWeather. ObservedUtc = observation; FetchedUtc = download. Dates and times are in UTC. Also read Status.
A17: Refresh tutto: chiave vuota in Parametri B32 = Weather.csv; chiave compilata = API OpenWeather per le città selezionate.
A18: The key is optional and stored as plain text. Do not share a workbook containing the key or the .key file.
A19: Fast Combine is enabled for this prototype. Excel's global privacy settings were not changed.
A26: SAINTS: informational selection of fixed observances, not a complete liturgical calendar. | G26: USNO PRIMARY PHASES 2025–2029. Instants in universal time; no effect on available hours.
A27: Key | B27: Month | C27: Day | D27: Name | E27: Source | G27: Utc | H27: Phase | I27: Between | J27: Source
A28: 102 | B28: 1 | C28: 2 | D28: Saints Basilio Magno and Gregorio Nazianzeno, bishops and dottori | E28: https://github.com/Liturgical-Calendar/LiturgicalCalendarAPI/blob/1bb2b7c503a701a9713b2f881795afe46044af3b/jsondata/sourcedata/rite/roman/missals/propriumdesanctis_1970/i18n/it.json; https://github.com/Liturgical-Calendar/LiturgicalCalendarAPI/blob/1bb2b7c503a701a9713b2f881795afe46044af3b/jsondata/sourcedata/rite/roman/missals/propriumdesanctis_1970/propriumdesanctis_1970.json | G28: 45663.997 | H28: First quarter | I28: Waxing gibbous | J28: https://aa.usno.navy.mil/api/moon/phases/year?year=2025
A29: 107 | B29: 1 | C29: 7 | D29: Saint Raimondo di Peñafort, priest | E29: https://github.com/Liturgical-Calendar/LiturgicalCalendarAPI/blob/1bb2b7c503a701a9713b2f881795afe46044af3b/jsondata/sourcedata/rite/roman/missals/propriumdesanctis_1970/i18n/it.json; https://github.com/Liturgical-Calendar/LiturgicalCalendarAPI/blob/1bb2b7c503a701a9713b2f881795afe46044af3b/jsondata/sourcedata/rite/roman/missals/propriumdesanctis_1970/propriumdesanctis_1970.json | G29: 45670.935 | H29: Full moon | I29: Waning gibbous | J29: https://aa.usno.navy.mil/api/moon/phases/year?year=2025
A30: 113 | B30: 1 | C30: 13 | D30: Saint Ilario di Poitiers, bishop and Doctor | E30: https://github.com/Liturgical-Calendar/LiturgicalCalendarAPI/blob/1bb2b7c503a701a9713b2f881795afe46044af3b/jsondata/sourcedata/rite/roman/missals/propriumdesanctis_1970/i18n/it.json; https://github.com/Liturgical-Calendar/LiturgicalCalendarAPI/blob/1bb2b7c503a701a9713b2f881795afe46044af3b/jsondata/sourcedata/rite/roman/missals/propriumdesanctis_1970/propriumdesanctis_1970.json | G30: 45678.855 | H30: Last quarter | I30: Waning crescent | J30: https://aa.usno.navy.mil/api/moon/phases/year?year=2025
A31: 117 | B31: 1 | C31: 17 | D31: Saint Antonio di Egitto, abbot | E31: https://github.com/Liturgical-Calendar/LiturgicalCalendarAPI/blob/1bb2b7c503a701a9713b2f881795afe46044af3b/jsondata/sourcedata/rite/roman/missals/propriumdesanctis_1970/i18n/it.json; https://github.com/Liturgical-Calendar/LiturgicalCalendarAPI/blob/1bb2b7c503a701a9713b2f881795afe46044af3b/jsondata/sourcedata/rite/roman/missals/propriumdesanctis_1970/propriumdesanctis_1970.json | G31: 45686.525 | H31: New moon | I31: Waxing crescent | J31: https://aa.usno.navy.mil/api/moon/phases/year?year=2025
A32: 120 | B32: 1 | C32: 20 | D32: San Fabiano, papa e Tuetire; San Sebastiano, Tuetire | E32: https://github.com/Liturgical-Calendar/LiturgicalCalendarAPI/blob/1bb2b7c503a701a9713b2f881795afe46044af3b/jsondata/sourcedata/rite/roman/missals/propriumdesanctis_1970/i18n/it.json; https://github.com/Liturgical-Calendar/LiturgicalCalendarAPI/blob/1bb2b7c503a701a9713b2f881795afe46044af3b/jsondata/sourcedata/rite/roman/missals/propriumdesanctis_1970/propriumdesanctis_1970.json | G32: 45693.335 | H32: First quarter | I32: Waxing gibbous | J32: https://aa.usno.navy.mil/api/moon/phases/year?year=2025
A33: 121 | B33: 1 | C33: 21 | D33: Sant'Agnese, vergine e Tuetire | E33: https://github.com/Liturgical-Calendar/LiturgicalCalendarAPI/blob/1bb2b7c503a701a9713b2f881795afe46044af3b/jsondata/sourcedata/rite/roman/missals/propriumdesanctis_1970/i18n/it.json; https://github.com/Liturgical-Calendar/LiturgicalCalendarAPI/blob/1bb2b7c503a701a9713b2f881795afe46044af3b/jsondata/sourcedata/rite/roman/missals/propriumdesanctis_1970/propriumdesanctis_1970.json | G33: 45700.578 | H33: Full moon | I33: Waning gibbous | J33: https://aa.usno.navy.mil/api/moon/phases/year?year=2025
A34: 122 | B34: 1 | C34: 22 | D34: San Vincenzo, diacono e Tuetire | E34: https://github.com/Liturgical-Calendar/LiturgicalCalendarAPI/blob/1bb2b7c503a701a9713b2f881795afe46044af3b/jsondata/sourcedata/rite/roman/missals/propriumdesanctis_1970/i18n/it.json; https://github.com/Liturgical-Calendar/LiturgicalCalendarAPI/blob/1bb2b7c503a701a9713b2f881795afe46044af3b/jsondata/sourcedata/rite/roman/missals/propriumdesanctis_1970/propriumdesanctis_1970.json | G34: 45708.731 | H34: Last quarter | I34: Waning crescent | J34: https://aa.usno.navy.mil/api/moon/phases/year?year=2025
A35: 124 | B35: 1 | C35: 24 | D35: Saint Francesco de Sales, bishop and Doctor | E35: https://github.com/Liturgical-Calendar/LiturgicalCalendarAPI/blob/1bb2b7c503a701a9713b2f881795afe46044af3b/jsondata/sourcedata/rite/roman/missals/propriumdesanctis_1970/i18n/it.json; https://github.com/Liturgical-Calendar/LiturgicalCalendarAPI/blob/1bb2b7c503a701a9713b2f881795afe46044af3b/jsondata/sourcedata/rite/roman/missals/propriumdesanctis_1970/propriumdesanctis_1970.json | G35: 45716.031 | H35: New moon | I35: Waxing crescent | J35: https://aa.usno.navy.mil/api/moon/phases/year?year=2025
A36: 125 | B36: 1 | C36: 25 | D36: Conversion of Saint Paul, apostle | E36: https://github.com/Liturgical-Calendar/LiturgicalCalendarAPI/blob/1bb2b7c503a701a9713b2f881795afe46044af3b/jsondata/sourcedata/rite/roman/missals/propriumdesanctis_1970/i18n/it.json; https://github.com/Liturgical-Calendar/LiturgicalCalendarAPI/blob/1bb2b7c503a701a9713b2f881795afe46044af3b/jsondata/sourcedata/rite/roman/missals/propriumdesanctis_1970/propriumdesanctis_1970.json | G36: 45722.688 | H36: First quarter | I36: Waxing gibbous | J36: https://aa.usno.navy.mil/api/moon/phases/year?year=2025
A37: 126 | B37: 1 | C37: 26 | D37: Saints Timoteo and Tito, bishops | E37: https://github.com/Liturgical-Calendar/LiturgicalCalendarAPI/blob/1bb2b7c503a701a9713b2f881795afe46044af3b/jsondata/sourcedata/rite/roman/missals/propriumdesanctis_1970/i18n/it.json; https://github.com/Liturgical-Calendar/LiturgicalCalendarAPI/blob/1bb2b7c503a701a9713b2f881795afe46044af3b/jsondata/sourcedata/rite/roman/missals/propriumdesanctis_1970/propriumdesanctis_1970.json | G37: 45730.288 | H37: Full moon | I37: Waning gibbous | J37: https://aa.usno.navy.mil/api/moon/phases/year?year=2025
A38: 127 | B38: 1 | C38: 27 | D38: Saint Angela Wedici, virgin | E38: https://github.com/Liturgical-Calendar/LiturgicalCalendarAPI/blob/1bb2b7c503a701a9713b2f881795afe46044af3b/jsondata/sourcedata/rite/roman/missals/propriumdesanctis_1970/i18n/it.json; https://github.com/Liturgical-Calendar/LiturgicalCalendarAPI/blob/1bb2b7c503a701a9713b2f881795afe46044af3b/jsondata/sourcedata/rite/roman/missals/propriumdesanctis_1970/propriumdesanctis_1970.json | G38: 45738.478 | H38: Last quarter | I38: Waning crescent | J38: https://aa.usno.navy.mil/api/moon/phases/year?year=2025
A39: 128 | B39: 1 | C39: 28 | D39: Saint Tommaso d'Aquino, priest and Doctor | E39: https://github.com/Liturgical-Calendar/LiturgicalCalendarAPI/blob/1bb2b7c503a701a9713b2f881795afe46044af3b/jsondata/sourcedata/rite/roman/missals/propriumdesanctis_1970/i18n/it.json; https://github.com/Liturgical-Calendar/LiturgicalCalendarAPI/blob/1bb2b7c503a701a9713b2f881795afe46044af3b/jsondata/sourcedata/rite/roman/missals/propriumdesanctis_1970/propriumdesanctis_1970.json | G39: 45745.457 | H39: New moon | I39: Waxing crescent | J39: https://aa.usno.navy.mil/api/moon/phases/year?year=2025
... A218: 1231 | B218: 12 | C218: 31 | D218: Saint Silvestro I, pope | E218: https://github.com/Liturgical-Calendar/LiturgicalCalendarAPI/blob/1bb2b7c503a701a9713b2f881795afe46044af3b/jsondata/sourcedata/rite/roman/missals/propriumdesanctis_1970/i18n/it.json; https://github.com/Liturgical-Calendar/LiturgicalCalendarAPI/blob/1bb2b7c503a701a9713b2f881795afe46044af3b/jsondata/sourcedata/rite/roman/missals/propriumdesanctis_1970/propriumdesanctis_1970.json | G218: 47066.893 | H218: Last quarter | I218: Waning crescent | J218: https://aa.usno.navy.mil/api/moon/phases/year?year=2028
G219: 47073.554 | H219: New moon | I219: Waxing crescent | J219: https://aa.usno.navy.mil/api/moon/phases/year?year=2028
G220: 47081.01 | H220: First quarter | I220: Waxing gibbous | J220: https://aa.usno.navy.mil/api/moon/phases/year?year=2028
G221: 47089.069 | H221: Full moon | I221: Waning gibbous | J221: https://aa.usno.navy.mil/api/moon/phases/year?year=2028
G222: 47096.235 | H222: Last quarter | I222: Waning crescent | J222: https://aa.usno.navy.mil/api/moon/phases/year?year=2028
G223: 47103.088 | H223: New moon | I223: Waxing crescent | J223: https://aa.usno.navy.mil/api/moon/phases/year?year=2028
G224: 47110.906 | H224: First quarter | I224: Waxing gibbous | J224: https://aa.usno.navy.mil/api/moon/phases/year?year=2028
G225: 47118.7 | H225: Full moon | I225: Waning gibbous | J225: https://aa.usno.navy.mil/api/moon/phases/year?year=2028
G226: 47125.56 | H226: Last quarter | I226: Waning crescent | J226: https://aa.usno.navy.mil/api/moon/phases/year?year=2029
G227: 47132.725 | H227: New moon | I227: Waxing crescent | J227: https://aa.usno.navy.mil/api/moon/phases/year?year=2029
G228: 47140.808 | H228: First quarter | I228: Waxing gibbous | J228: https://aa.usno.navy.mil/api/moon/phases/year?year=2029
G229: 47148.252 | H229: Full moon | I229: Waning gibbous | J229: https://aa.usno.navy.mil/api/moon/phases/year?year=2029
G230: 47154.911 | H230: Last quarter | I230: Waning crescent | J230: https://aa.usno.navy.mil/api/moon/phases/year?year=2029
... G274: 47480.409 | H274: Last quarter | I274: Waning crescent | J274: https://aa.usno.navy.mil/api/moon/phases/year?year=2029

Sheet Fusi
A1: Fusi orari e ora legale
A2: Regole Windows estratte il 24/09/2026. Intervallo UTC: 01/01/2026 incluso – 01/01/2029 escluso.
A3: Un cambio di legge richiede un update dei periodi. Ore di casa inesistenti o ambigue Frigono rifiutate.
A5: Code | B5: City | C5: WindowsId | D5: IanaId | E5: Latitude | F5: Longitude | G5: CountryCode | J5: Code | K5: FromUtc | L5: UntilUtc | M5: OffsetHours
A6: hanoi | B6: Hanoi | C6: SE Asia Standard Time | D6: Asia/Bangkok | E6: 21.0245 | F6: 105.84117 | G6: VN | J6: abu-dhabi | K6: 46023 | L6: 47119 | M6: 4
A7: mumbai | B7: Mumbai | C7: India Standard Time | D7: Asia/Kolkata | E7: 19.072826 | F7: 72.882614 | G7: IN | J7: abuja | K7: 46023 | L7: 47119 | M7: 1
A8: minsk | B8: Minsk | C8: Belarus Standard Time | D8: Europe/Minsk | E8: 53.90019 | F8: 27.56653 | G8: BY | J8: accra | K8: 46023 | L8: 47119 | M8: 0
A9: rome | B9: Rome | C9: W. Europe Standard Time | D9: Europe/Rome | E9: 41.89193 | F9: 12.51133 | G9: IT | J9: addis-ababa | K9: 46023 | L9: 47119 | M9: 3
A10: london | B10: London | C10: GMT Standard Time | D10: Europe/London | E10: 51.50853 | F10: -0.12574 | G10: GB | J10: adelaide | K10: 46023 | L10: 46116.688 | M10: 10.5
A11: new-york | B11: New York | C11: Eastern Standard Time | D11: AWedica/New_York | E11: 40.714269 | F11: -74.005973 | G11: US | J11: adelaide | K11: 46116.688 | L11: 46298.688 | M11: 9.5
A12: los-angeles | B12: Los Angeles | C12: Pacific Standard Time | D12: AWedica/Los_Angeles | E12: 34.05223 | F12: -118.24368 | G12: US | J12: adelaide | K12: 46298.688 | L12: 46480.688 | M12: 10.5
A13: abu-dhabi | B13: Abu Dhabi | C13: Arabian Standard Time | D13: Asia/Dubai | E13: 24.45118 | F13: 54.39696 | G13: AE | J13: adelaide | K13: 46480.688 | L13: 46662.688 | M13: 9.5
A14: abuja | B14: Abuja | C14: W. Central Africa Standard Time | D14: Africa/Lagos | E14: 9.05785 | F14: 7.49508 | G14: NG | J14: adelaide | K14: 46662.688 | L14: 46844.688 | M14: 10.5
A15: accra | B15: Accra | C15: Greenwich Standard Time | D15: Africa/Accra | E15: 5.55602 | F15: -0.1969 | G15: GH | J15: adelaide | K15: 46844.688 | L15: 47026.688 | M15: 9.5
A16: addis-ababa | B16: Addis Ababa | C16: E. Africa Standard Time | D16: Africa/Addis_Ababa | E16: 9.02497 | F16: 38.74689 | G16: ET | J16: adelaide | K16: 47026.688 | L16: 47119 | M16: 10.5
A17: adelaide | B17: Adelaide | C17: Cen. Australia Standard Time | D17: Australia/Adelaide | E17: -34.92866 | F17: 138.59863 | G17: AU | J17: algiers | K17: 46023 | L17: 47119 | M17: 1
... A211: zagreb | B211: Zagreb | C211: Central European Standard Time | D211: Europe/Zagreb | E211: 45.81444 | F211: 15.97798 | G211: HR | J211: dublin | K211: 46320.042 | L211: 46474.042 | M211: 0
J212: dublin | K212: 46474.042 | L212: 46691.042 | M212: 1
J213: dublin | K213: 46691.042 | L213: 46838.042 | M213: 0
A214: Catalogo: WorldClocks di WorkTrail, dati GeoNames CC BY 4.0. I periodi sono derivati da TimeZoneInfo; non editare i dati importati qui. | J214: dublin | K214: 46838.042 | L214: 47055.042 | M214: 1
J215: dublin | K215: 47055.042 | L215: 47119 | M215: 0
A216: Nuove città: Refreshre il catalogo canonico e rigenerare i CSV. Le tabelle Excel e il menu si espandono con Refresh tutto. | J216: edinburgh | K216: 46023 | L216: 46110.042 | M216: 0
J217: edinburgh | K217: 46110.042 | L217: 46320.042 | M217: 1
J218: edinburgh | K218: 46320.042 | L218: 46474.042 | M218: 0
J219: edinburgh | K219: 46474.042 | L219: 46691.042 | M219: 1
J220: edinburgh | K220: 46691.042 | L220: 46838.042 | M220: 0
J221: edinburgh | K221: 46838.042 | L221: 47055.042 | M221: 1
J222: edinburgh | K222: 47055.042 | L222: 47119 | M222: 0
J223: ferrara | K223: 46023 | L223: 46110.042 | M223: 1
J224: ferrara | K224: 46110.042 | L224: 46320.042 | M224: 2
J225: ferrara | K225: 46320.042 | L225: 46474.042 | M225: 1
J226: ferrara | K226: 46474.042 | L226: 46691.042 | M226: 2
J227: ferrara | K227: 46691.042 | L227: 46838.042 | M227: 1
J228: ferrara | K228: 46838.042 | L228: 47055.042 | M228: 2
... J675: zagreb | K675: 47055.042 | L675: 47119 | M675: 1

Sheet Guida
A1: Planner guide | B1: Inputs, printing and limits of the A4 version
A3: Purpose | B3: Compare working hours and on-call availability across time zones. Every cell in a row represents the same UTC instant.
A4: Edits | B4: Edit the cream cells on Parameters. Planner and Extended are read-only views for review and printing. The first location row is always the home time zone.
A5: Available | B5: From/to interval: the start is included and the end is outside the interval. 09:00–18:00 makes 09:00 available and 18:00 outside activity.
A6: With reserve | B6: Parameters J5 and J6 are hours, including decimals (0.5 = 30 minutes). With 09:00–18:00 and 2/2, reserve is 07:00–09:00 and 18:00–20:00.
A7: Midnight | B7: Intervals can cross midnight: 22:00–06:00 works. Equal start and end is rejected; this version does not represent 24/7 availability.
A8: By column | B8: Each column applies its own local hours, holidays and weekend rest. Before/after margins are shared.
A9: Weekly rest days | B9: In Parameters, choose 1 for rest days and 0 for other days. This applies to the full local day. For Friday rest, set Fri = 1; no single national rule is imposed.
A10: Holidays | B10: The national calendar and manual dates in Calendars close the local day. Active personal exceptions take precedence. The F suffix still marks the holiday.
A11: Adding a calendar | B11: Use the Calendars A6:F25 registry. The required national codes are already present. Add patron dates manually to the applicable code; states and provinces are not selected automatically.
A12: Loaded / Not loaded | B12: National base is a snapshot of 2026–2028 rules, not a certification of completeness or employer applicability. Check Status in Imported Holidays. None disables holidays.
A13: Initial data | B13: Mainland China, India, South Korea, Japan, Bangladesh, Italy, France, Norway, Sweden, the United States and Canada: national holidays 0.105 base, 2026–2028. Estimates and future make-up days need updates. Earlier calendars are preserved.
... A29: Current weather | B29: Blank key: CSV snapshot. Key in Parameters B32: API with Refresh All. Info shows UTC observation and download. The Planner date does not select a forecast. Do not share the file with a saved key.

Sheet Calcoli
A1: Planner calculations (whole minutes, UTC and local state)
A3: Home local start | B3: =Planner!B4+Planner!D4 -> 46289
A4: UTC candidates | B4: =SUMPRODUCT((ZonePeriods[Code]=Planner!$B$9)*($B$3>=ZonePeriods[FromUtc]+ZonePeriods[OffsetHours]/24)*($B$3<ZonePeriods[UntilUtc]+ZonePeriods[OffsetHours]/24)) -> 1
A5: Home offset, hours | B5: =IF(B4=1,SUMPRODUCT((ZonePeriods[Code]=Planner!$B$9)*($B$3>=ZonePeriods[FromUtc]+ZonePeriods[OffsetHours]/24)*($B$3<ZonePeriods[UntilUtc]+ZonePeriods[OffsetHours]/24)*ZonePeriods[OffsetHours]),NA()) -> 7
A6: Inizio UTC | B6: =ROUND((B3-B5/24)*1440,0)/1440 -> 46288.708
A7: Valid general inputs | B7: =IFERROR(AND(B4=1,ISNUMBER(Planner!B4),Planner!B4=INT(Planner!B4),ISNUMBER(Planner!D4),Planner!D4>=0,Planner!D4<1,ISNUMBER(Planner!B5),Planner!B5>=0,Planner!B5<=24,ISNUMBER(Planner!D5),Planner!D5>=0,Planner!D5<=24,OR(Planner!F4=30,Planner!F4=60)),FALSE) -> TRUE
A8: Valid exceptions | B8: =COUNTIF(PersonalExceptions[Validazione],"CONTROLLA")=0 -> TRUE
A9: Location | B9: =Planner!B8 ->  Hanoi | C9: =Planner!C8 ->  Mumbai | D9: =Planner!D8 ->  Minsk | E9: =Planner!E8 ->  Rome | F9: =Planner!F8 ->  London | G9: =Planner!G8 ->  New York | H9: =Planner!H8 ->  Los Angeles
A10: Valid column | B10: =IFERROR(AND(COUNTIF(ZoneCatalog[Code],Planner!B9)=1,COUNTIF(Calendari!$A$6:$A$25,Planner!B10)=1,ISNUMBER(Planner!B11),Planner!B11>=0,Planner!B11<1,ISNUMBER(Planner!B12),Planner!B12>=0,Planner!B12<1,MOD(ROUND((Planner!B12-Planner!B11)*1440,0),1440)>0,COUNT(Parametri!G12:M12)=7,COUNTIF(Parametri!G12:M12,0)+COUNTIF(Parametri!G12:M12,1)=7),FALSE) -> TRUE | C10: =IFERROR(AND(COUNTIF(ZoneCatalog[Code],Planner!C9)=1,COUNTIF(Calendari!$A$6:$A$25,Planner!C10)=1,ISNUMBER(Planner!C11),Planner!C11>=0,Planner!C11<1,ISNUMBER(Planner!C12),Planner!C12>=0,Planner!C12<1,MOD(ROUND((Planner!C12-Planner!C11)*1440,0),1440)>0,COUNT(Parametri!G13:M13)=7,COUNTIF(Parametri!G13:M13,0)+COUNTIF(Parametri!G13:M13,1)=7),FALSE) -> TRUE | D10: =IFERROR(AND(COUNTIF(ZoneCatalog[Code],Planner!D9)=1,COUNTIF(Calendari!$A$6:$A$25,Planner!D10)=1,ISNUMBER(Planner!D11),Planner!D11>=0,Planner!D11<1,ISNUMBER(Planner!D12),Planner!D12>=0,Planner!D12<1,MOD(ROUND((Planner!D12-Planner!D11)*1440,0),1440)>0,COUNT(Parametri!G14:M14)=7,COUNTIF(Parametri!G14:M14,0)+COUNTIF(Parametri!G14:M14,1)=7),FALSE) -> TRUE | E10: =IFERROR(AND(COUNTIF(ZoneCatalog[Code],Planner!E9)=1,COUNTIF(Calendari!$A$6:$A$25,Planner!E10)=1,ISNUMBER(Planner!E11),Planner!E11>=0,Planner!E11<1,ISNUMBER(Planner!E12),Planner!E12>=0,Planner!E12<1,MOD(ROUND((Planner!E12-Planner!E11)*1440,0),1440)>0,COUNT(Parametri!G15:M15)=7,COUNTIF(Parametri!G15:M15,0)+COUNTIF(Parametri!G15:M15,1)=7),FALSE) -> TRUE | F10: =IFERROR(AND(COUNTIF(ZoneCatalog[Code],Planner!F9)=1,COUNTIF(Calendari!$A$6:$A$25,Planner!F10)=1,ISNUMBER(Planner!F11),Planner!F11>=0,Planner!F11<1,ISNUMBER(Planner!F12),Planner!F12>=0,Planner!F12<1,MOD(ROUND((Planner!F12-Planner!F11)*1440,0),1440)>0,COUNT(Parametri!G16:M16)=7,COUNTIF(Parametri!G16:M16,0)+COUNTIF(Parametri!G16:M16,1)=7),FALSE) -> TRUE | G10: =IFERROR(AND(COUNTIF(ZoneCatalog[Code],Planner!G9)=1,COUNTIF(Calendari!$A$6:$A$25,Planner!G10)=1,ISNUMBER(Planner!G11),Planner!G11>=0,Planner!G11<1,ISNUMBER(Planner!G12),Planner!G12>=0,Planner!G12<1,MOD(ROUND((Planner!G12-Planner!G11)*1440,0),1440)>0,COUNT(Parametri!G17:M17)=7,COUNTIF(Parametri!G17:M17,0)+COUNTIF(Parametri!G17:M17,1)=7),FALSE) -> TRUE | H10: =IFERROR(AND(COUNTIF(ZoneCatalog[Code],Planner!H9)=1,COUNTIF(Calendari!$A$6:$A$25,Planner!H10)=1,ISNUMBER(Planner!H11),Planner!H11>=0,Planner!H11<1,ISNUMBER(Planner!H12),Planner!H12>=0,Planner!H12<1,MOD(ROUND((Planner!H12-Planner!H11)*1440,0),1440)>0,COUNT(Parametri!G18:M18)=7,COUNTIF(Parametri!G18:M18,0)+COUNTIF(Parametri!G18:M18,1)=7),FALSE) -> TRUE
A11: Inizio, minuti | B11: =ROUND(Planner!B11*1440,0) -> 300 | C11: =ROUND(Planner!C11*1440,0) -> 540 | D11: =ROUND(Planner!D11*1440,0) -> 540 | E11: =ROUND(Planner!E11*1440,0) -> 540 | F11: =ROUND(Planner!F11*1440,0) -> 540 | G11: =ROUND(Planner!G11*1440,0) -> 540 | H11: =ROUND(Planner!H11*1440,0) -> 540
A12: Durata, minuti | B12: =MOD(ROUND((Planner!B12-Planner!B11)*1440,0),1440) -> 1080 | C12: =MOD(ROUND((Planner!C12-Planner!C11)*1440,0),1440) -> 540 | D12: =MOD(ROUND((Planner!D12-Planner!D11)*1440,0),1440) -> 540 | E12: =MOD(ROUND((Planner!E12-Planner!E11)*1440,0),1440) -> 540 | F12: =MOD(ROUND((Planner!F12-Planner!F11)*1440,0),1440) -> 540 | G12: =MOD(ROUND((Planner!G12-Planner!G11)*1440,0),1440) -> 540 | H12: =MOD(ROUND((Planner!H12-Planner!H11)*1440,0),1440) -> 540
A13: Rest weekend | B13: =Planner!B13 -> — | C13: =Planner!C13 -> Sat Sun | D13: =Planner!D13 -> Sat Sun | E13: =Planner!E13 -> Sat Sun | F13: =Planner!F13 -> Sat Sun | G13: =Planner!G13 -> Sat Sun | H13: =Planner!H13 -> Sat Sun
A14: Holidays: 24 hours | B14: =IFERROR(IF(Planner!B10="Nessuno","Disattivato",IF(COUNTIFS(Calendari!$A$6:$A$25,Planner!B10,Calendari!$E$6:$E$25,1)=0,"Not loaded",IF(COUNTIFS(Calendari!$A$6:$A$25,Planner!B10,Calendari!$C$6:$C$25,"<="&INT(MIN(B17:B40)),Calendari!$D$6:$D$25,">="&INT(MAX(B17:B40)),Calendari!$E$6:$E$25,1)=1,IF(Planner!B10="GB-ENG","Outside period","Outside period"),"Outside period"))),"Errore fuso") -> Not loaded | C14: =IFERROR(IF(Planner!C10="Nessuno","Disattivato",IF(COUNTIFS(Calendari!$A$6:$A$25,Planner!C10,Calendari!$E$6:$E$25,1)=0,"Not loaded",IF(COUNTIFS(Calendari!$A$6:$A$25,Planner!C10,Calendari!$C$6:$C$25,"<="&INT(MIN(C17:C40)),Calendari!$D$6:$D$25,">="&INT(MAX(C17:C40)),Calendari!$E$6:$E$25,1)=1,IF(Planner!C10="GB-ENG","Outside period","Outside period"),"Outside period"))),"Errore fuso") -> Outside period | D14: =IFERROR(IF(Planner!D10="Nessuno","Disattivato",IF(COUNTIFS(Calendari!$A$6:$A$25,Planner!D10,Calendari!$E$6:$E$25,1)=0,"Not loaded",IF(COUNTIFS(Calendari!$A$6:$A$25,Planner!D10,Calendari!$C$6:$C$25,"<="&INT(MIN(D17:D40)),Calendari!$D$6:$D$25,">="&INT(MAX(D17:D40)),Calendari!$E$6:$E$25,1)=1,IF(Planner!D10="GB-ENG","Outside period","Outside period"),"Outside period"))),"Errore fuso") -> Not loaded | E14: =IFERROR(IF(Planner!E10="Nessuno","Disattivato",IF(COUNTIFS(Calendari!$A$6:$A$25,Planner!E10,Calendari!$E$6:$E$25,1)=0,"Not loaded",IF(COUNTIFS(Calendari!$A$6:$A$25,Planner!E10,Calendari!$C$6:$C$25,"<="&INT(MIN(E17:E40)),Calendari!$D$6:$D$25,">="&INT(MAX(E17:E40)),Calendari!$E$6:$E$25,1)=1,IF(Planner!E10="GB-ENG","Outside period","Outside period"),"Outside period"))),"Errore fuso") -> Outside period | F14: =IFERROR(IF(Planner!F10="Nessuno","Disattivato",IF(COUNTIFS(Calendari!$A$6:$A$25,Planner!F10,Calendari!$E$6:$E$25,1)=0,"Not loaded",IF(COUNTIFS(Calendari!$A$6:$A$25,Planner!F10,Calendari!$C$6:$C$25,"<="&INT(MIN(F17:F40)),Calendari!$D$6:$D$25,">="&INT(MAX(F17:F40)),Calendari!$E$6:$E$25,1)=1,IF(Planner!F10="GB-ENG","Outside period","Outside period"),"Outside period"))),"Errore fuso") -> Outside period | G14: =IFERROR(IF(Planner!G10="Nessuno","Disattivato",IF(COUNTIFS(Calendari!$A$6:$A$25,Planner!G10,Calendari!$E$6:$E$25,1)=0,"Not loaded",IF(COUNTIFS(Calendari!$A$6:$A$25,Planner!G10,Calendari!$C$6:$C$25,"<="&INT(MIN(G17:G40)),Calendari!$D$6:$D$25,">="&INT(MAX(G17:G40)),Calendari!$E$6:$E$25,1)=1,IF(Planner!G10="GB-ENG","Outside period","Outside period"),"Outside period"))),"Errore fuso") -> Outside period | H14: =IFERROR(IF(Planner!H10="Nessuno","Disattivato",IF(COUNTIFS(Calendari!$A$6:$A$25,Planner!H10,Calendari!$E$6:$E$25,1)=0,"Not loaded",IF(COUNTIFS(Calendari!$A$6:$A$25,Planner!H10,Calendari!$C$6:$C$25,"<="&INT(MIN(H17:H40)),Calendari!$D$6:$D$25,">="&INT(MAX(H17:H40)),Calendari!$E$6:$E$25,1)=1,IF(Planner!H10="GB-ENG","Outside period","Outside period"),"Outside period"))),"Errore fuso") -> Outside period
A15: Holidays: extended view | B15: =IFERROR(IF(Planner!B10="Nessuno","Disattivato",IF(COUNTIFS(Calendari!$A$6:$A$25,Planner!B10,Calendari!$E$6:$E$25,1)=0,"Not loaded",IF(COUNTIFS(Calendari!$A$6:$A$25,Planner!B10,Calendari!$C$6:$C$25,"<="&INT(MIN(B41:B88)),Calendari!$D$6:$D$25,">="&INT(MAX(B41:B88)),Calendari!$E$6:$E$25,1)=1,IF(Planner!B10="GB-ENG","Outside period","Outside period"),"Outside period"))),"Errore fuso") -> Not loaded | C15: =IFERROR(IF(Planner!C10="Nessuno","Disattivato",IF(COUNTIFS(Calendari!$A$6:$A$25,Planner!C10,Calendari!$E$6:$E$25,1)=0,"Not loaded",IF(COUNTIFS(Calendari!$A$6:$A$25,Planner!C10,Calendari!$C$6:$C$25,"<="&INT(MIN(C41:C88)),Calendari!$D$6:$D$25,">="&INT(MAX(C41:C88)),Calendari!$E$6:$E$25,1)=1,IF(Planner!C10="GB-ENG","Outside period","Outside period"),"Outside period"))),"Errore fuso") -> Outside period | D15: =IFERROR(IF(Planner!D10="Nessuno","Disattivato",IF(COUNTIFS(Calendari!$A$6:$A$25,Planner!D10,Calendari!$E$6:$E$25,1)=0,"Not loaded",IF(COUNTIFS(Calendari!$A$6:$A$25,Planner!D10,Calendari!$C$6:$C$25,"<="&INT(MIN(D41:D88)),Calendari!$D$6:$D$25,">="&INT(MAX(D41:D88)),Calendari!$E$6:$E$25,1)=1,IF(Planner!D10="GB-ENG","Outside period","Outside period"),"Outside period"))),"Errore fuso") -> Not loaded | E15: =IFERROR(IF(Planner!E10="Nessuno","Disattivato",IF(COUNTIFS(Calendari!$A$6:$A$25,Planner!E10,Calendari!$E$6:$E$25,1)=0,"Not loaded",IF(COUNTIFS(Calendari!$A$6:$A$25,Planner!E10,Calendari!$C$6:$C$25,"<="&INT(MIN(E41:E88)),Calendari!$D$6:$D$25,">="&INT(MAX(E41:E88)),Calendari!$E$6:$E$25,1)=1,IF(Planner!E10="GB-ENG","Outside period","Outside period"),"Outside period"))),"Errore fuso") -> Outside period | F15: =IFERROR(IF(Planner!F10="Nessuno","Disattivato",IF(COUNTIFS(Calendari!$A$6:$A$25,Planner!F10,Calendari!$E$6:$E$25,1)=0,"Not loaded",IF(COUNTIFS(Calendari!$A$6:$A$25,Planner!F10,Calendari!$C$6:$C$25,"<="&INT(MIN(F41:F88)),Calendari!$D$6:$D$25,">="&INT(MAX(F41:F88)),Calendari!$E$6:$E$25,1)=1,IF(Planner!F10="GB-ENG","Outside period","Outside period"),"Outside period"))),"Errore fuso") -> Outside period | G15: =IFERROR(IF(Planner!G10="Nessuno","Disattivato",IF(COUNTIFS(Calendari!$A$6:$A$25,Planner!G10,Calendari!$E$6:$E$25,1)=0,"Not loaded",IF(COUNTIFS(Calendari!$A$6:$A$25,Planner!G10,Calendari!$C$6:$C$25,"<="&INT(MIN(G41:G88)),Calendari!$D$6:$D$25,">="&INT(MAX(G41:G88)),Calendari!$E$6:$E$25,1)=1,IF(Planner!G10="GB-ENG","Outside period","Outside period"),"Outside period"))),"Errore fuso") -> Outside period | H15: =IFERROR(IF(Planner!H10="Nessuno","Disattivato",IF(COUNTIFS(Calendari!$A$6:$A$25,Planner!H10,Calendari!$E$6:$E$25,1)=0,"Not loaded",IF(COUNTIFS(Calendari!$A$6:$A$25,Planner!H10,Calendari!$C$6:$C$25,"<="&INT(MIN(H41:H88)),Calendari!$D$6:$D$25,">="&INT(MAX(H41:H88)),Calendari!$E$6:$E$25,1)=1,IF(Planner!H10="GB-ENG","Outside period","Outside period"),"Outside period"))),"Errore fuso") -> Outside period
A16: UTC instant | B16: Hanoi | C16: Mumbai | D16: Minsk | E16: Rome | F16: London | G16: New York | H16: Los Angeles | J16: hanoi: minuto locale | K16: mumbai: minuto locale | L16: minsk: minuto locale | M16: rome: minuto locale | N16: london: minuto locale | O16: new-york: minuto locale | P16: los-angeles: minuto locale | R16: hanoi: stato | S16: mumbai: stato | T16: minsk: stato | U16: rome: stato | V16: london: stato | W16: new-york: stato | X16: los-angeles: stato | Z16: hanoi: festa | AA16: mumbai: festa | AB16: minsk: festa | AC16: rome: festa | AD16: london: festa | AE16: new-york: festa | AF16: los-angeles: festa | AH16: hanoi: weekend | AI16: mumbai: weekend | AJ16: minsk: weekend | AK16: rome: weekend | AL16: london: weekend | AM16: new-york: weekend | AN16: los-angeles: weekend | AO16: 1: eccezioni riposo | AP16: 2: eccezioni riposo | AQ16: 3: eccezioni riposo | AR16: 4: eccezioni riposo | AS16: 5: eccezioni riposo | AT16: 6: eccezioni riposo | AU16: 7: eccezioni riposo | AW16: 1: eccezioni attività | AX16: 2: eccezioni attività | AY16: 3: eccezioni attività | AZ16: 4: eccezioni attività | BA16: 5: eccezioni attività | BB16: 6: eccezioni attività | BC16: 7: eccezioni attività | BE16: 1: recuperi nazionali | BF16: 2: recuperi nazionali | BG16: 3: recuperi nazionali | BH16: 4: recuperi nazionali | BI16: 5: recuperi nazionali | BJ16: 6: recuperi nazionali | BK16: 7: recuperi nazionali | BM16: 1: stato orario | BN16: 2: stato orario | BO16: 3: stato orario | BP16: 4: stato orario | BQ16: 5: stato orario | BR16: 6: stato orario | BS16: 7: stato orario
A17: =ROUND(($B$6+0*60/1440)*1440,0)/1440 -> 46288.708 | B17: =IF(COUNTIFS(ZonePeriods[Code],Planner!B$9,ZonePeriods[FromUtc],"<="&$A17,ZonePeriods[UntilUtc],">"&$A17)=1,ROUND(($A17+SUMIFS(ZonePeriods[OffsetHours],ZonePeriods[Code],Planner!B$9,ZonePeriods[FromUtc],"<="&$A17,ZonePeriods[UntilUtc],">"&$A17)/24)*1440,0)/1440,NA()) -> 46289 | C17: =IF(COUNTIFS(ZonePeriods[Code],Planner!C$9,ZonePeriods[FromUtc],"<="&$A17,ZonePeriods[UntilUtc],">"&$A17)=1,ROUND(($A17+SUMIFS(ZonePeriods[OffsetHours],ZonePeriods[Code],Planner!C$9,ZonePeriods[FromUtc],"<="&$A17,ZonePeriods[UntilUtc],">"&$A17)/24)*1440,0)/1440,NA()) -> 46288.938 | D17: =IF(COUNTIFS(ZonePeriods[Code],Planner!D$9,ZonePeriods[FromUtc],"<="&$A17,ZonePeriods[UntilUtc],">"&$A17)=1,ROUND(($A17+SUMIFS(ZonePeriods[OffsetHours],ZonePeriods[Code],Planner!D$9,ZonePeriods[FromUtc],"<="&$A17,ZonePeriods[UntilUtc],">"&$A17)/24)*1440,0)/1440,NA()) -> 46288.833 | E17: =IF(COUNTIFS(ZonePeriods[Code],Planner!E$9,ZonePeriods[FromUtc],"<="&$A17,ZonePeriods[UntilUtc],">"&$A17)=1,ROUND(($A17+SUMIFS(ZonePeriods[OffsetHours],ZonePeriods[Code],Planner!E$9,ZonePeriods[FromUtc],"<="&$A17,ZonePeriods[UntilUtc],">"&$A17)/24)*1440,0)/1440,NA()) -> 46288.792 | F17: =IF(COUNTIFS(ZonePeriods[Code],Planner!F$9,ZonePeriods[FromUtc],"<="&$A17,ZonePeriods[UntilUtc],">"&$A17)=1,ROUND(($A17+SUMIFS(ZonePeriods[OffsetHours],ZonePeriods[Code],Planner!F$9,ZonePeriods[FromUtc],"<="&$A17,ZonePeriods[UntilUtc],">"&$A17)/24)*1440,0)/1440,NA()) -> 46288.75 | G17: =IF(COUNTIFS(ZonePeriods[Code],Planner!G$9,ZonePeriods[FromUtc],"<="&$A17,ZonePeriods[UntilUtc],">"&$A17)=1,ROUND(($A17+SUMIFS(ZonePeriods[OffsetHours],ZonePeriods[Code],Planner!G$9,ZonePeriods[FromUtc],"<="&$A17,ZonePeriods[UntilUtc],">"&$A17)/24)*1440,0)/1440,NA()) -> 46288.542 | H17: =IF(COUNTIFS(ZonePeriods[Code],Planner!H$9,ZonePeriods[FromUtc],"<="&$A17,ZonePeriods[UntilUtc],">"&$A17)=1,ROUND(($A17+SUMIFS(ZonePeriods[OffsetHours],ZonePeriods[Code],Planner!H$9,ZonePeriods[FromUtc],"<="&$A17,ZonePeriods[UntilUtc],">"&$A17)/24)*1440,0)/1440,NA()) -> 46288.417 | J17: =MOD(ROUND(B17*1440,0),1440) -> 0 | K17: =MOD(ROUND(C17*1440,0),1440) -> 1350 | L17: =MOD(ROUND(D17*1440,0),1440) -> 1200 | M17: =MOD(ROUND(E17*1440,0),1440) -> 1140 | N17: =MOD(ROUND(F17*1440,0),1440) -> 1080 | O17: =MOD(ROUND(G17*1440,0),1440) -> 780 | P17: =MOD(ROUND(H17*1440,0),1440) -> 600 | R17: =IFERROR(IF(AND($B$7,$B$8,B$10),IF(AO17+AW17>1,-1,IF(AO17=1,0,IF(AW17=1,BM17,IF(Z17>0,0,IF(AND(AH17,BE17=0),0,BM17))))),-1),-1) -> 1 | S17: =IFERROR(IF(AND($B$7,$B$8,C$10),IF(AP17+AX17>1,-1,IF(AP17=1,0,IF(AX17=1,BN17,IF(AA17>0,0,IF(AND(AI17,BF17=0),0,BN17))))),-1),-1) -> 0 | T17: =IFERROR(IF(AND($B$7,$B$8,D$10),IF(AQ17+AY17>1,-1,IF(AQ17=1,0,IF(AY17=1,BO17,IF(AB17>0,0,IF(AND(AJ17,BG17=0),0,BO17))))),-1),-1) -> 0 | U17: =IFERROR(IF(AND($B$7,$B$8,E$10),IF(AR17+AZ17>1,-1,IF(AR17=1,0,IF(AZ17=1,BP17,IF(AC17>0,0,IF(AND(AK17,BH17=0),0,BP17))))),-1),-1) -> 1 | V17: =IFERROR(IF(AND($B$7,$B$8,F$10),IF(AS17+BA17>1,-1,IF(AS17=1,0,IF(BA17=1,BQ17,IF(AD17>0,0,IF(AND(AL17,BI17=0),0,BQ17))))),-1),-1) -> 1 | W17: =IFERROR(IF(AND($B$7,$B$8,G$10),IF(AT17+BB17>1,-1,IF(AT17=1,0,IF(BB17=1,BR17,IF(AE17>0,0,IF(AND(AM17,BJ17=0),0,BR17))))),-1),-1) -> 2 | X17: =IFERROR(IF(AND($B$7,$B$8,H$10),IF(AU17+BC17>1,-1,IF(AU17=1,0,IF(BC17=1,BS17,IF(AF17>0,0,IF(AND(AN17,BK17=0),0,BS17))))),-1),-1) -> 2 | Z17: =IF(Planner!B$10="Nessuno",0,COUNTIFS(HolidayDates[Calendar],Planner!B$10,HolidayDates[Local date],INT(B17),HolidayDates[Active 0/1],1)+COUNTIFS(ImportedHolidays[Calendar],Planner!B$10,ImportedHolidays[Date],INT(B17),ImportedHolidays[Active],1,ImportedHolidays[Kind],"HOLIDAY")) -> 0 | AA17: =IF(Planner!C$10="Nessuno",0,COUNTIFS(HolidayDates[Calendar],Planner!C$10,HolidayDates[Local date],INT(C17),HolidayDates[Active 0/1],1)+COUNTIFS(ImportedHolidays[Calendar],Planner!C$10,ImportedHolidays[Date],INT(C17),ImportedHolidays[Active],1,ImportedHolidays[Kind],"HOLIDAY")) -> 0 | AB17: =IF(Planner!D$10="Nessuno",0,COUNTIFS(HolidayDates[Calendar],Planner!D$10,HolidayDates[Local date],INT(D17),HolidayDates[Active 0/1],1)+COUNTIFS(ImportedHolidays[Calendar],Planner!D$10,ImportedHolidays[Date],INT(D17),ImportedHolidays[Active],1,ImportedHolidays[Kind],"HOLIDAY")) -> 0 | AC17: =IF(Planner!E$10="Nessuno",0,COUNTIFS(HolidayDates[Calendar],Planner!E$10,HolidayDates[Local date],INT(E17),HolidayDates[Active 0/1],1)+COUNTIFS(ImportedHolidays[Calendar],Planner!E$10,ImportedHolidays[Date],INT(E17),ImportedHolidays[Active],1,ImportedHolidays[Kind],"HOLIDAY")) -> 0 | AD17: =IF(Planner!F$10="Nessuno",0,COUNTIFS(HolidayDates[Calendar],Planner!F$10,HolidayDates[Local date],INT(F17),HolidayDates[Active 0/1],1)+COUNTIFS(ImportedHolidays[Calendar],Planner!F$10,ImportedHolidays[Date],INT(F17),ImportedHolidays[Active],1,ImportedHolidays[Kind],"HOLIDAY")) -> 0 | AE17: =IF(Planner!G$10="Nessuno",0,COUNTIFS(HolidayDates[Calendar],Planner!G$10,HolidayDates[Local date],INT(G17),HolidayDates[Active 0/1],1)+COUNTIFS(ImportedHolidays[Calendar],Planner!G$10,ImportedHolidays[Date],INT(G17),ImportedHolidays[Active],1,ImportedHolidays[Kind],"HOLIDAY")) -> 0 | AF17: =IF(Planner!H$10="Nessuno",0,COUNTIFS(HolidayDates[Calendar],Planner!H$10,HolidayDates[Local date],INT(H17),HolidayDates[Active 0/1],1)+COUNTIFS(ImportedHolidays[Calendar],Planner!H$10,ImportedHolidays[Date],INT(H17),ImportedHolidays[Active],1,ImportedHolidays[Kind],"HOLIDAY")) -> 0 | AH17: =INDEX(Parametri!$G12:$M12,1,WEEKDAY(INT(B17),2))=1 -> FALSE | AI17: =INDEX(Parametri!$G13:$M13,1,WEEKDAY(INT(C17),2))=1 -> FALSE | AJ17: =INDEX(Parametri!$G14:$M14,1,WEEKDAY(INT(D17),2))=1 -> FALSE | AK17: =INDEX(Parametri!$G15:$M15,1,WEEKDAY(INT(E17),2))=1 -> FALSE | AL17: =INDEX(Parametri!$G16:$M16,1,WEEKDAY(INT(F17),2))=1 -> FALSE | AM17: =INDEX(Parametri!$G17:$M17,1,WEEKDAY(INT(G17),2))=1 -> FALSE | AN17: =INDEX(Parametri!$G18:$M18,1,WEEKDAY(INT(H17),2))=1 -> FALSE | AO17: =COUNTIFS(PersonalExceptions[Colonna],1,PersonalExceptions[Dal],"<="&INT(B17),PersonalExceptions[Al],">="&INT(B17),PersonalExceptions[Active 0/1],1,PersonalExceptions[Effetto],"Rest") -> 0 | AP17: =COUNTIFS(PersonalExceptions[Colonna],2,PersonalExceptions[Dal],"<="&INT(C17),PersonalExceptions[Al],">="&INT(C17),PersonalExceptions[Active 0/1],1,PersonalExceptions[Effetto],"Rest") -> 0 | AQ17: =COUNTIFS(PersonalExceptions[Colonna],3,PersonalExceptions[Dal],"<="&INT(D17),PersonalExceptions[Al],">="&INT(D17),PersonalExceptions[Active 0/1],1,PersonalExceptions[Effetto],"Rest") -> 0 | AR17: =COUNTIFS(PersonalExceptions[Colonna],4,PersonalExceptions[Dal],"<="&INT(E17),PersonalExceptions[Al],">="&INT(E17),PersonalExceptions[Active 0/1],1,PersonalExceptions[Effetto],"Rest") -> 0 | AS17: =COUNTIFS(PersonalExceptions[Colonna],5,PersonalExceptions[Dal],"<="&INT(F17),PersonalExceptions[Al],">="&INT(F17),PersonalExceptions[Active 0/1],1,PersonalExceptions[Effetto],"Rest") -> 0 | AT17: =COUNTIFS(PersonalExceptions[Colonna],6,PersonalExceptions[Dal],"<="&INT(G17),PersonalExceptions[Al],">="&INT(G17),PersonalExceptions[Active 0/1],1,PersonalExceptions[Effetto],"Rest") -> 0 | AU17: =COUNTIFS(PersonalExceptions[Colonna],7,PersonalExceptions[Dal],"<="&INT(H17),PersonalExceptions[Al],">="&INT(H17),PersonalExceptions[Active 0/1],1,PersonalExceptions[Effetto],"Rest") -> 0 | AW17: =COUNTIFS(PersonalExceptions[Colonna],1,PersonalExceptions[Dal],"<="&INT(B17),PersonalExceptions[Al],">="&INT(B17),PersonalExceptions[Active 0/1],1,PersonalExceptions[Effetto],"Activity") -> 0 | AX17: =COUNTIFS(PersonalExceptions[Colonna],2,PersonalExceptions[Dal],"<="&INT(C17),PersonalExceptions[Al],">="&INT(C17),PersonalExceptions[Active 0/1],1,PersonalExceptions[Effetto],"Activity") -> 0 | AY17: =COUNTIFS(PersonalExceptions[Colonna],3,PersonalExceptions[Dal],"<="&INT(D17),PersonalExceptions[Al],">="&INT(D17),PersonalExceptions[Active 0/1],1,PersonalExceptions[Effetto],"Activity") -> 0 | AZ17: =COUNTIFS(PersonalExceptions[Colonna],4,PersonalExceptions[Dal],"<="&INT(E17),PersonalExceptions[Al],">="&INT(E17),PersonalExceptions[Active 0/1],1,PersonalExceptions[Effetto],"Activity") -> 0 | BA17: =COUNTIFS(PersonalExceptions[Colonna],5,PersonalExceptions[Dal],"<="&INT(F17),PersonalExceptions[Al],">="&INT(F17),PersonalExceptions[Active 0/1],1,PersonalExceptions[Effetto],"Activity") -> 0 | BB17: =COUNTIFS(PersonalExceptions[Colonna],6,PersonalExceptions[Dal],"<="&INT(G17),PersonalExceptions[Al],">="&INT(G17),PersonalExceptions[Active 0/1],1,PersonalExceptions[Effetto],"Activity") -> 0 | BC17: =COUNTIFS(PersonalExceptions[Colonna],7,PersonalExceptions[Dal],"<="&INT(H17),PersonalExceptions[Al],">="&INT(H17),PersonalExceptions[Active 0/1],1,PersonalExceptions[Effetto],"Activity") -> 0 | BE17: =IF(Planner!B$10="Nessuno",0,COUNTIFS(ImportedHolidays[Calendar],Planner!B$10,ImportedHolidays[Date],INT(B17),ImportedHolidays[Active],1,ImportedHolidays[Kind],"WORKDAY")) -> 0 | BF17: =IF(Planner!C$10="Nessuno",0,COUNTIFS(ImportedHolidays[Calendar],Planner!C$10,ImportedHolidays[Date],INT(C17),ImportedHolidays[Active],1,ImportedHolidays[Kind],"WORKDAY")) -> 0 | BG17: =IF(Planner!D$10="Nessuno",0,COUNTIFS(ImportedHolidays[Calendar],Planner!D$10,ImportedHolidays[Date],INT(D17),ImportedHolidays[Active],1,ImportedHolidays[Kind],"WORKDAY")) -> 0 | BH17: =IF(Planner!E$10="Nessuno",0,COUNTIFS(ImportedHolidays[Calendar],Planner!E$10,ImportedHolidays[Date],INT(E17),ImportedHolidays[Active],1,ImportedHolidays[Kind],"WORKDAY")) -> 0 | BI17: =IF(Planner!F$10="Nessuno",0,COUNTIFS(ImportedHolidays[Calendar],Planner!F$10,ImportedHolidays[Date],INT(F17),ImportedHolidays[Active],1,ImportedHolidays[Kind],"WORKDAY")) -> 0 | BJ17: =IF(Planner!G$10="Nessuno",0,COUNTIFS(ImportedHolidays[Calendar],Planner!G$10,ImportedHolidays[Date],INT(G17),ImportedHolidays[Active],1,ImportedHolidays[Kind],"WORKDAY")) -> 0 | BK17: =IF(Planner!H$10="Nessuno",0,COUNTIFS(ImportedHolidays[Calendar],Planner!H$10,ImportedHolidays[Date],INT(H17),ImportedHolidays[Active],1,ImportedHolidays[Kind],"WORKDAY")) -> 0 | BM17: =IF(MOD(J17-B$11,1440)<B$12,2,IF(OR(MOD(J17-B$11,1440)<B$12+ROUND(Planner!$D$5*60,0),MOD(J17-B$11,1440)>=1440-ROUND(Planner!$B$5*60,0)),1,0)) -> 1 | BN17: =IF(MOD(K17-C$11,1440)<C$12,2,IF(OR(MOD(K17-C$11,1440)<C$12+ROUND(Planner!$D$5*60,0),MOD(K17-C$11,1440)>=1440-ROUND(Planner!$B$5*60,0)),1,0)) -> 0 | BO17: =IF(MOD(L17-D$11,1440)<D$12,2,IF(OR(MOD(L17-D$11,1440)<D$12+ROUND(Planner!$D$5*60,0),MOD(L17-D$11,1440)>=1440-ROUND(Planner!$B$5*60,0)),1,0)) -> 0 | BP17: =IF(MOD(M17-E$11,1440)<E$12,2,IF(OR(MOD(M17-E$11,1440)<E$12+ROUND(Planner!$D$5*60,0),MOD(M17-E$11,1440)>=1440-ROUND(Planner!$B$5*60,0)),1,0)) -> 1 | BQ17: =IF(MOD(N17-F$11,1440)<F$12,2,IF(OR(MOD(N17-F$11,1440)<F$12+ROUND(Planner!$D$5*60,0),MOD(N17-F$11,1440)>=1440-ROUND(Planner!$B$5*60,0)),1,0)) -> 1 | BR17: =IF(MOD(O17-G$11,1440)<G$12,2,IF(OR(MOD(O17-G$11,1440)<G$12+ROUND(Planner!$D$5*60,0),MOD(O17-G$11,1440)>=1440-ROUND(Planner!$B$5*60,0)),1,0)) -> 2 | BS17: =IF(MOD(P17-H$11,1440)<H$12,2,IF(OR(MOD(P17-H$11,1440)<H$12+ROUND(Planner!$D$5*60,0),MOD(P17-H$11,1440)>=1440-ROUND(Planner!$B$5*60,0)),1,0)) -> 2
A18: =ROUND(($B$6+1*60/1440)*1440,0)/1440 -> 46288.75 | B18: =IF(COUNTIFS(ZonePeriods[Code],Planner!B$9,ZonePeriods[FromUtc],"<="&$A18,ZonePeriods[UntilUtc],">"&$A18)=1,ROUND(($A18+SUMIFS(ZonePeriods[OffsetHours],ZonePeriods[Code],Planner!B$9,ZonePeriods[FromUtc],"<="&$A18,ZonePeriods[UntilUtc],">"&$A18)/24)*1440,0)/1440,NA()) -> 46289.042 | C18: =IF(COUNTIFS(ZonePeriods[Code],Planner!C$9,ZonePeriods[FromUtc],"<="&$A18,ZonePeriods[UntilUtc],">"&$A18)=1,ROUND(($A18+SUMIFS(ZonePeriods[OffsetHours],ZonePeriods[Code],Planner!C$9,ZonePeriods[FromUtc],"<="&$A18,ZonePeriods[UntilUtc],">"&$A18)/24)*1440,0)/1440,NA()) -> 46288.979 | D18: =IF(COUNTIFS(ZonePeriods[Code],Planner!D$9,ZonePeriods[FromUtc],"<="&$A18,ZonePeriods[UntilUtc],">"&$A18)=1,ROUND(($A18+SUMIFS(ZonePeriods[OffsetHours],ZonePeriods[Code],Planner!D$9,ZonePeriods[FromUtc],"<="&$A18,ZonePeriods[UntilUtc],">"&$A18)/24)*1440,0)/1440,NA()) -> 46288.875 | E18: =IF(COUNTIFS(ZonePeriods[Code],Planner!E$9,ZonePeriods[FromUtc],"<="&$A18,ZonePeriods[UntilUtc],">"&$A18)=1,ROUND(($A18+SUMIFS(ZonePeriods[OffsetHours],ZonePeriods[Code],Planner!E$9,ZonePeriods[FromUtc],"<="&$A18,ZonePeriods[UntilUtc],">"&$A18)/24)*1440,0)/1440,NA()) -> 46288.833 | F18: =IF(COUNTIFS(ZonePeriods[Code],Planner!F$9,ZonePeriods[FromUtc],"<="&$A18,ZonePeriods[UntilUtc],">"&$A18)=1,ROUND(($A18+SUMIFS(ZonePeriods[OffsetHours],ZonePeriods[Code],Planner!F$9,ZonePeriods[FromUtc],"<="&$A18,ZonePeriods[UntilUtc],">"&$A18)/24)*1440,0)/1440,NA()) -> 46288.792 | G18: =IF(COUNTIFS(ZonePeriods[Code],Planner!G$9,ZonePeriods[FromUtc],"<="&$A18,ZonePeriods[UntilUtc],">"&$A18)=1,ROUND(($A18+SUMIFS(ZonePeriods[OffsetHours],ZonePeriods[Code],Planner!G$9,ZonePeriods[FromUtc],"<="&$A18,ZonePeriods[UntilUtc],">"&$A18)/24)*1440,0)/1440,NA()) -> 46288.583 | H18: =IF(COUNTIFS(ZonePeriods[Code],Planner!H$9,ZonePeriods[FromUtc],"<="&$A18,ZonePeriods[UntilUtc],">"&$A18)=1,ROUND(($A18+SUMIFS(ZonePeriods[OffsetHours],ZonePeriods[Code],Planner!H$9,ZonePeriods[FromUtc],"<="&$A18,ZonePeriods[UntilUtc],">"&$A18)/24)*1440,0)/1440,NA()) -> 46288.458 | J18: =MOD(ROUND(B18*1440,0),1440) -> 60 | K18: =MOD(ROUND(C18*1440,0),1440) -> 1410 | L18: =MOD(ROUND(D18*1440,0),1440) -> 1260 | M18: =MOD(ROUND(E18*1440,0),1440) -> 1200 | N18: =MOD(ROUND(F18*1440,0),1440) -> 1140 | O18: =MOD(ROUND(G18*1440,0),1440) -> 840 | P18: =MOD(ROUND(H18*1440,0),1440) -> 660 | R18: =IFERROR(IF(AND($B$7,$B$8,B$10),IF(AO18+AW18>1,-1,IF(AO18=1,0,IF(AW18=1,BM18,IF(Z18>0,0,IF(AND(AH18,BE18=0),0,BM18))))),-1),-1) -> 0 | S18: =IFERROR(IF(AND($B$7,$B$8,C$10),IF(AP18+AX18>1,-1,IF(AP18=1,0,IF(AX18=1,BN18,IF(AA18>0,0,IF(AND(AI18,BF18=0),0,BN18))))),-1),-1) -> 0 | T18: =IFERROR(IF(AND($B$7,$B$8,D$10),IF(AQ18+AY18>1,-1,IF(AQ18=1,0,IF(AY18=1,BO18,IF(AB18>0,0,IF(AND(AJ18,BG18=0),0,BO18))))),-1),-1) -> 0 | U18: =IFERROR(IF(AND($B$7,$B$8,E$10),IF(AR18+AZ18>1,-1,IF(AR18=1,0,IF(AZ18=1,BP18,IF(AC18>0,0,IF(AND(AK18,BH18=0),0,BP18))))),-1),-1) -> 0 | V18: =IFERROR(IF(AND($B$7,$B$8,F$10),IF(AS18+BA18>1,-1,IF(AS18=1,0,IF(BA18=1,BQ18,IF(AD18>0,0,IF(AND(AL18,BI18=0),0,BQ18))))),-1),-1) -> 1 | W18: =IFERROR(IF(AND($B$7,$B$8,G$10),IF(AT18+BB18>1,-1,IF(AT18=1,0,IF(BB18=1,BR18,IF(AE18>0,0,IF(AND(AM18,BJ18=0),0,BR18))))),-1),-1) -> 2 | X18: =IFERROR(IF(AND($B$7,$B$8,H$10),IF(AU18+BC18>1,-1,IF(AU18=1,0,IF(BC18=1,BS18,IF(AF18>0,0,IF(AND(AN18,BK18=0),0,BS18))))),-1),-1) -> 2 | Z18: =IF(Planner!B$10="Nessuno",0,COUNTIFS(HolidayDates[Calendar],Planner!B$10,HolidayDates[Local date],INT(B18),HolidayDates[Active 0/1],1)+COUNTIFS(ImportedHolidays[Calendar],Planner!B$10,ImportedHolidays[Date],INT(B18),ImportedHolidays[Active],1,ImportedHolidays[Kind],"HOLIDAY")) -> 0 | AA18: =IF(Planner!C$10="Nessuno",0,COUNTIFS(HolidayDates[Calendar],Planner!C$10,HolidayDates[Local date],INT(C18),HolidayDates[Active 0/1],1)+COUNTIFS(ImportedHolidays[Calendar],Planner!C$10,ImportedHolidays[Date],INT(C18),ImportedHolidays[Active],1,ImportedHolidays[Kind],"HOLIDAY")) -> 0 | AB18: =IF(Planner!D$10="Nessuno",0,COUNTIFS(HolidayDates[Calendar],Planner!D$10,HolidayDates[Local date],INT(D18),HolidayDates[Active 0/1],1)+COUNTIFS(ImportedHolidays[Calendar],Planner!D$10,ImportedHolidays[Date],INT(D18),ImportedHolidays[Active],1,ImportedHolidays[Kind],"HOLIDAY")) -> 0 | AC18: =IF(Planner!E$10="Nessuno",0,COUNTIFS(HolidayDates[Calendar],Planner!E$10,HolidayDates[Local date],INT(E18),HolidayDates[Active 0/1],1)+COUNTIFS(ImportedHolidays[Calendar],Planner!E$10,ImportedHolidays[Date],INT(E18),ImportedHolidays[Active],1,ImportedHolidays[Kind],"HOLIDAY")) -> 0 | AD18: =IF(Planner!F$10="Nessuno",0,COUNTIFS(HolidayDates[Calendar],Planner!F$10,HolidayDates[Local date],INT(F18),HolidayDates[Active 0/1],1)+COUNTIFS(ImportedHolidays[Calendar],Planner!F$10,ImportedHolidays[Date],INT(F18),ImportedHolidays[Active],1,ImportedHolidays[Kind],"HOLIDAY")) -> 0 | AE18: =IF(Planner!G$10="Nessuno",0,COUNTIFS(HolidayDates[Calendar],Planner!G$10,HolidayDates[Local date],INT(G18),HolidayDates[Active 0/1],1)+COUNTIFS(ImportedHolidays[Calendar],Planner!G$10,ImportedHolidays[Date],INT(G18),ImportedHolidays[Active],1,ImportedHolidays[Kind],"HOLIDAY")) -> 0 | AF18: =IF(Planner!H$10="Nessuno",0,COUNTIFS(HolidayDates[Calendar],Planner!H$10,HolidayDates[Local date],INT(H18),HolidayDates[Active 0/1],1)+COUNTIFS(ImportedHolidays[Calendar],Planner!H$10,ImportedHolidays[Date],INT(H18),ImportedHolidays[Active],1,ImportedHolidays[Kind],"HOLIDAY")) -> 0 | AH18: =INDEX(Parametri!$G12:$M12,1,WEEKDAY(INT(B18),2))=1 -> FALSE | AI18: =INDEX(Parametri!$G13:$M13,1,WEEKDAY(INT(C18),2))=1 -> FALSE | AJ18: =INDEX(Parametri!$G14:$M14,1,WEEKDAY(INT(D18),2))=1 -> FALSE | AK18: =INDEX(Parametri!$G15:$M15,1,WEEKDAY(INT(E18),2))=1 -> FALSE | AL18: =INDEX(Parametri!$G16:$M16,1,WEEKDAY(INT(F18),2))=1 -> FALSE | AM18: =INDEX(Parametri!$G17:$M17,1,WEEKDAY(INT(G18),2))=1 -> FALSE | AN18: =INDEX(Parametri!$G18:$M18,1,WEEKDAY(INT(H18),2))=1 -> FALSE | AO18: =COUNTIFS(PersonalExceptions[Colonna],1,PersonalExceptions[Dal],"<="&INT(B18),PersonalExceptions[Al],">="&INT(B18),PersonalExceptions[Active 0/1],1,PersonalExceptions[Effetto],"Rest") -> 0 | AP18: =COUNTIFS(PersonalExceptions[Colonna],2,PersonalExceptions[Dal],"<="&INT(C18),PersonalExceptions[Al],">="&INT(C18),PersonalExceptions[Active 0/1],1,PersonalExceptions[Effetto],"Rest") -> 0 | AQ18: =COUNTIFS(PersonalExceptions[Colonna],3,PersonalExceptions[Dal],"<="&INT(D18),PersonalExceptions[Al],">="&INT(D18),PersonalExceptions[Active 0/1],1,PersonalExceptions[Effetto],"Rest") -> 0 | AR18: =COUNTIFS(PersonalExceptions[Colonna],4,PersonalExceptions[Dal],"<="&INT(E18),PersonalExceptions[Al],">="&INT(E18),PersonalExceptions[Active 0/1],1,PersonalExceptions[Effetto],"Rest") -> 0 | AS18: =COUNTIFS(PersonalExceptions[Colonna],5,PersonalExceptions[Dal],"<="&INT(F18),PersonalExceptions[Al],">="&INT(F18),PersonalExceptions[Active 0/1],1,PersonalExceptions[Effetto],"Rest") -> 0 | AT18: =COUNTIFS(PersonalExceptions[Colonna],6,PersonalExceptions[Dal],"<="&INT(G18),PersonalExceptions[Al],">="&INT(G18),PersonalExceptions[Active 0/1],1,PersonalExceptions[Effetto],"Rest") -> 0 | AU18: =COUNTIFS(PersonalExceptions[Colonna],7,PersonalExceptions[Dal],"<="&INT(H18),PersonalExceptions[Al],">="&INT(H18),PersonalExceptions[Active 0/1],1,PersonalExceptions[Effetto],"Rest") -> 0 | AW18: =COUNTIFS(PersonalExceptions[Colonna],1,PersonalExceptions[Dal],"<="&INT(B18),PersonalExceptions[Al],">="&INT(B18),PersonalExceptions[Active 0/1],1,PersonalExceptions[Effetto],"Activity") -> 0 | AX18: =COUNTIFS(PersonalExceptions[Colonna],2,PersonalExceptions[Dal],"<="&INT(C18),PersonalExceptions[Al],">="&INT(C18),PersonalExceptions[Active 0/1],1,PersonalExceptions[Effetto],"Activity") -> 0 | AY18: =COUNTIFS(PersonalExceptions[Colonna],3,PersonalExceptions[Dal],"<="&INT(D18),PersonalExceptions[Al],">="&INT(D18),PersonalExceptions[Active 0/1],1,PersonalExceptions[Effetto],"Activity") -> 0 | AZ18: =COUNTIFS(PersonalExceptions[Colonna],4,PersonalExceptions[Dal],"<="&INT(E18),PersonalExceptions[Al],">="&INT(E18),PersonalExceptions[Active 0/1],1,PersonalExceptions[Effetto],"Activity") -> 0 | BA18: =COUNTIFS(PersonalExceptions[Colonna],5,PersonalExceptions[Dal],"<="&INT(F18),PersonalExceptions[Al],">="&INT(F18),PersonalExceptions[Active 0/1],1,PersonalExceptions[Effetto],"Activity") -> 0 | BB18: =COUNTIFS(PersonalExceptions[Colonna],6,PersonalExceptions[Dal],"<="&INT(G18),PersonalExceptions[Al],">="&INT(G18),PersonalExceptions[Active 0/1],1,PersonalExceptions[Effetto],"Activity") -> 0 | BC18: =COUNTIFS(PersonalExceptions[Colonna],7,PersonalExceptions[Dal],"<="&INT(H18),PersonalExceptions[Al],">="&INT(H18),PersonalExceptions[Active 0/1],1,PersonalExceptions[Effetto],"Activity") -> 0 | BE18: =IF(Planner!B$10="Nessuno",0,COUNTIFS(ImportedHolidays[Calendar],Planner!B$10,ImportedHolidays[Date],INT(B18),ImportedHolidays[Active],1,ImportedHolidays[Kind],"WORKDAY")) -> 0 | BF18: =IF(Planner!C$10="Nessuno",0,COUNTIFS(ImportedHolidays[Calendar],Planner!C$10,ImportedHolidays[Date],INT(C18),ImportedHolidays[Active],1,ImportedHolidays[Kind],"WORKDAY")) -> 0 | BG18: =IF(Planner!D$10="Nessuno",0,COUNTIFS(ImportedHolidays[Calendar],Planner!D$10,ImportedHolidays[Date],INT(D18),ImportedHolidays[Active],1,ImportedHolidays[Kind],"WORKDAY")) -> 0 | BH18: =IF(Planner!E$10="Nessuno",0,COUNTIFS(ImportedHolidays[Calendar],Planner!E$10,ImportedHolidays[Date],INT(E18),ImportedHolidays[Active],1,ImportedHolidays[Kind],"WORKDAY")) -> 0 | BI18: =IF(Planner!F$10="Nessuno",0,COUNTIFS(ImportedHolidays[Calendar],Planner!F$10,ImportedHolidays[Date],INT(F18),ImportedHolidays[Active],1,ImportedHolidays[Kind],"WORKDAY")) -> 0 | BJ18: =IF(Planner!G$10="Nessuno",0,COUNTIFS(ImportedHolidays[Calendar],Planner!G$10,ImportedHolidays[Date],INT(G18),ImportedHolidays[Active],1,ImportedHolidays[Kind],"WORKDAY")) -> 0 | BK18: =IF(Planner!H$10="Nessuno",0,COUNTIFS(ImportedHolidays[Calendar],Planner!H$10,ImportedHolidays[Date],INT(H18),ImportedHolidays[Active],1,ImportedHolidays[Kind],"WORKDAY")) -> 0 | BM18: =IF(MOD(J18-B$11,1440)<B$12,2,IF(OR(MOD(J18-B$11,1440)<B$12+ROUND(Planner!$D$5*60,0),MOD(J18-B$11,1440)>=1440-ROUND(Planner!$B$5*60,0)),1,0)) -> 0 | BN18: =IF(MOD(K18-C$11,1440)<C$12,2,IF(OR(MOD(K18-C$11,1440)<C$12+ROUND(Planner!$D$5*60,0),MOD(K18-C$11,1440)>=1440-ROUND(Planner!$B$5*60,0)),1,0)) -> 0 | BO18: =IF(MOD(L18-D$11,1440)<D$12,2,IF(OR(MOD(L18-D$11,1440)<D$12+ROUND(Planner!$D$5*60,0),MOD(L18-D$11,1440)>=1440-ROUND(Planner!$B$5*60,0)),1,0)) -> 0 | BP18: =IF(MOD(M18-E$11,1440)<E$12,2,IF(OR(MOD(M18-E$11,1440)<E$12+ROUND(Planner!$D$5*60,0),MOD(M18-E$11,1440)>=1440-ROUND(Planner!$B$5*60,0)),1,0)) -> 0 | BQ18: =IF(MOD(N18-F$11,1440)<F$12,2,IF(OR(MOD(N18-F$11,1440)<F$12+ROUND(Planner!$D$5*60,0),MOD(N18-F$11,1440)>=1440-ROUND(Planner!$B$5*60,0)),1,0)) -> 1 | BR18: =IF(MOD(O18-G$11,1440)<G$12,2,IF(OR(MOD(O18-G$11,1440)<G$12+ROUND(Planner!$D$5*60,0),MOD(O18-G$11,1440)>=1440-ROUND(Planner!$B$5*60,0)),1,0)) -> 2 | BS18: =IF(MOD(P18-H$11,1440)<H$12,2,IF(OR(MOD(P18-H$11,1440)<H$12+ROUND(Planner!$D$5*60,0),MOD(P18-H$11,1440)>=1440-ROUND(Planner!$B$5*60,0)),1,0)) -> 2
A19: =ROUND(($B$6+2*60/1440)*1440,0)/1440 -> 46288.792 | B19: =IF(COUNTIFS(ZonePeriods[Code],Planner!B$9,ZonePeriods[FromUtc],"<="&$A19,ZonePeriods[UntilUtc],">"&$A19)=1,ROUND(($A19+SUMIFS(ZonePeriods[OffsetHours],ZonePeriods[Code],Planner!B$9,ZonePeriods[FromUtc],"<="&$A19,ZonePeriods[UntilUtc],">"&$A19)/24)*1440,0)/1440,NA()) -> 46289.083 | C19: =IF(COUNTIFS(ZonePeriods[Code],Planner!C$9,ZonePeriods[FromUtc],"<="&$A19,ZonePeriods[UntilUtc],">"&$A19)=1,ROUND(($A19+SUMIFS(ZonePeriods[OffsetHours],ZonePeriods[Code],Planner!C$9,ZonePeriods[FromUtc],"<="&$A19,ZonePeriods[UntilUtc],">"&$A19)/24)*1440,0)/1440,NA()) -> 46289.021 | D19: =IF(COUNTIFS(ZonePeriods[Code],Planner!D$9,ZonePeriods[FromUtc],"<="&$A19,ZonePeriods[UntilUtc],">"&$A19)=1,ROUND(($A19+SUMIFS(ZonePeriods[OffsetHours],ZonePeriods[Code],Planner!D$9,ZonePeriods[FromUtc],"<="&$A19,ZonePeriods[UntilUtc],">"&$A19)/24)*1440,0)/1440,NA()) -> 46288.917 | E19: =IF(COUNTIFS(ZonePeriods[Code],Planner!E$9,ZonePeriods[FromUtc],"<="&$A19,ZonePeriods[UntilUtc],">"&$A19)=1,ROUND(($A19+SUMIFS(ZonePeriods[OffsetHours],ZonePeriods[Code],Planner!E$9,ZonePeriods[FromUtc],"<="&$A19,ZonePeriods[UntilUtc],">"&$A19)/24)*1440,0)/1440,NA()) -> 46288.875 | F19: =IF(COUNTIFS(ZonePeriods[Code],Planner!F$9,ZonePeriods[FromUtc],"<="&$A19,ZonePeriods[UntilUtc],">"&$A19)=1,ROUND(($A19+SUMIFS(ZonePeriods[OffsetHours],ZonePeriods[Code],Planner!F$9,ZonePeriods[FromUtc],"<="&$A19,ZonePeriods[UntilUtc],">"&$A19)/24)*1440,0)/1440,NA()) -> 46288.833 | G19: =IF(COUNTIFS(ZonePeriods[Code],Planner!G$9,ZonePeriods[FromUtc],"<="&$A19,ZonePeriods[UntilUtc],">"&$A19)=1,ROUND(($A19+SUMIFS(ZonePeriods[OffsetHours],ZonePeriods[Code],Planner!G$9,ZonePeriods[FromUtc],"<="&$A19,ZonePeriods[UntilUtc],">"&$A19)/24)*1440,0)/1440,NA()) -> 46288.625 | H19: =IF(COUNTIFS(ZonePeriods[Code],Planner!H$9,ZonePeriods[FromUtc],"<="&$A19,ZonePeriods[UntilUtc],">"&$A19)=1,ROUND(($A19+SUMIFS(ZonePeriods[OffsetHours],ZonePeriods[Code],Planner!H$9,ZonePeriods[FromUtc],"<="&$A19,ZonePeriods[UntilUtc],">"&$A19)/24)*1440,0)/1440,NA()) -> 46288.5 | J19: =MOD(ROUND(B19*1440,0),1440) -> 120 | K19: =MOD(ROUND(C19*1440,0),1440) -> 30 | L19: =MOD(ROUND(D19*1440,0),1440) -> 1320 | M19: =MOD(ROUND(E19*1440,0),1440) -> 1260 | N19: =MOD(ROUND(F19*1440,0),1440) -> 1200 | O19: =MOD(ROUND(G19*1440,0),1440) -> 900 | P19: =MOD(ROUND(H19*1440,0),1440) -> 720 | R19: =IFERROR(IF(AND($B$7,$B$8,B$10),IF(AO19+AW19>1,-1,IF(AO19=1,0,IF(AW19=1,BM19,IF(Z19>0,0,IF(AND(AH19,BE19=0),0,BM19))))),-1),-1) -> 0 | S19: =IFERROR(IF(AND($B$7,$B$8,C$10),IF(AP19+AX19>1,-1,IF(AP19=1,0,IF(AX19=1,BN19,IF(AA19>0,0,IF(AND(AI19,BF19=0),0,BN19))))),-1),-1) -> 0 | T19: =IFERROR(IF(AND($B$7,$B$8,D$10),IF(AQ19+AY19>1,-1,IF(AQ19=1,0,IF(AY19=1,BO19,IF(AB19>0,0,IF(AND(AJ19,BG19=0),0,BO19))))),-1),-1) -> 0 | U19: =IFERROR(IF(AND($B$7,$B$8,E$10),IF(AR19+AZ19>1,-1,IF(AR19=1,0,IF(AZ19=1,BP19,IF(AC19>0,0,IF(AND(AK19,BH19=0),0,BP19))))),-1),-1) -> 0 | V19: =IFERROR(IF(AND($B$7,$B$8,F$10),IF(AS19+BA19>1,-1,IF(AS19=1,0,IF(BA19=1,BQ19,IF(AD19>0,0,IF(AND(AL19,BI19=0),0,BQ19))))),-1),-1) -> 0 | W19: =IFERROR(IF(AND($B$7,$B$8,G$10),IF(AT19+BB19>1,-1,IF(AT19=1,0,IF(BB19=1,BR19,IF(AE19>0,0,IF(AND(AM19,BJ19=0),0,BR19))))),-1),-1) -> 2 | X19: =IFERROR(IF(AND($B$7,$B$8,H$10),IF(AU19+BC19>1,-1,IF(AU19=1,0,IF(BC19=1,BS19,IF(AF19>0,0,IF(AND(AN19,BK19=0),0,BS19))))),-1),-1) -> 2 | Z19: =IF(Planner!B$10="Nessuno",0,COUNTIFS(HolidayDates[Calendar],Planner!B$10,HolidayDates[Local date],INT(B19),HolidayDates[Active 0/1],1)+COUNTIFS(ImportedHolidays[Calendar],Planner!B$10,ImportedHolidays[Date],INT(B19),ImportedHolidays[Active],1,ImportedHolidays[Kind],"HOLIDAY")) -> 0 | AA19: =IF(Planner!C$10="Nessuno",0,COUNTIFS(HolidayDates[Calendar],Planner!C$10,HolidayDates[Local date],INT(C19),HolidayDates[Active 0/1],1)+COUNTIFS(ImportedHolidays[Calendar],Planner!C$10,ImportedHolidays[Date],INT(C19),ImportedHolidays[Active],1,ImportedHolidays[Kind],"HOLIDAY")) -> 0 | AB19: =IF(Planner!D$10="Nessuno",0,COUNTIFS(HolidayDates[Calendar],Planner!D$10,HolidayDates[Local date],INT(D19),HolidayDates[Active 0/1],1)+COUNTIFS(ImportedHolidays[Calendar],Planner!D$10,ImportedHolidays[Date],INT(D19),ImportedHolidays[Active],1,ImportedHolidays[Kind],"HOLIDAY")) -> 0 | AC19: =IF(Planner!E$10="Nessuno",0,COUNTIFS(HolidayDates[Calendar],Planner!E$10,HolidayDates[Local date],INT(E19),HolidayDates[Active 0/1],1)+COUNTIFS(ImportedHolidays[Calendar],Planner!E$10,ImportedHolidays[Date],INT(E19),ImportedHolidays[Active],1,ImportedHolidays[Kind],"HOLIDAY")) -> 0 | AD19: =IF(Planner!F$10="Nessuno",0,COUNTIFS(HolidayDates[Calendar],Planner!F$10,HolidayDates[Local date],INT(F19),HolidayDates[Active 0/1],1)+COUNTIFS(ImportedHolidays[Calendar],Planner!F$10,ImportedHolidays[Date],INT(F19),ImportedHolidays[Active],1,ImportedHolidays[Kind],"HOLIDAY")) -> 0 | AE19: =IF(Planner!G$10="Nessuno",0,COUNTIFS(HolidayDates[Calendar],Planner!G$10,HolidayDates[Local date],INT(G19),HolidayDates[Active 0/1],1)+COUNTIFS(ImportedHolidays[Calendar],Planner!G$10,ImportedHolidays[Date],INT(G19),ImportedHolidays[Active],1,ImportedHolidays[Kind],"HOLIDAY")) -> 0 | AF19: =IF(Planner!H$10="Nessuno",0,COUNTIFS(HolidayDates[Calendar],Planner!H$10,HolidayDates[Local date],INT(H19),HolidayDates[Active 0/1],1)+COUNTIFS(ImportedHolidays[Calendar],Planner!H$10,ImportedHolidays[Date],INT(H19),ImportedHolidays[Active],1,ImportedHolidays[Kind],"HOLIDAY")) -> 0 | AH19: =INDEX(Parametri!$G12:$M12,1,WEEKDAY(INT(B19),2))=1 -> FALSE | AI19: =INDEX(Parametri!$G13:$M13,1,WEEKDAY(INT(C19),2))=1 -> FALSE | AJ19: =INDEX(Parametri!$G14:$M14,1,WEEKDAY(INT(D19),2))=1 -> FALSE | AK19: =INDEX(Parametri!$G15:$M15,1,WEEKDAY(INT(E19),2))=1 -> FALSE | AL19: =INDEX(Parametri!$G16:$M16,1,WEEKDAY(INT(F19),2))=1 -> FALSE | AM19: =INDEX(Parametri!$G17:$M17,1,WEEKDAY(INT(G19),2))=1 -> FALSE | AN19: =INDEX(Parametri!$G18:$M18,1,WEEKDAY(INT(H19),2))=1 -> FALSE | AO19: =COUNTIFS(PersonalExceptions[Colonna],1,PersonalExceptions[Dal],"<="&INT(B19),PersonalExceptions[Al],">="&INT(B19),PersonalExceptions[Active 0/1],1,PersonalExceptions[Effetto],"Rest") -> 0 | AP19: =COUNTIFS(PersonalExceptions[Colonna],2,PersonalExceptions[Dal],"<="&INT(C19),PersonalExceptions[Al],">="&INT(C19),PersonalExceptions[Active 0/1],1,PersonalExceptions[Effetto],"Rest") -> 0 | AQ19: =COUNTIFS(PersonalExceptions[Colonna],3,PersonalExceptions[Dal],"<="&INT(D19),PersonalExceptions[Al],">="&INT(D19),PersonalExceptions[Active 0/1],1,PersonalExceptions[Effetto],"Rest") -> 0 | AR19: =COUNTIFS(PersonalExceptions[Colonna],4,PersonalExceptions[Dal],"<="&INT(E19),PersonalExceptions[Al],">="&INT(E19),PersonalExceptions[Active 0/1],1,PersonalExceptions[Effetto],"Rest") -> 0 | AS19: =COUNTIFS(PersonalExceptions[Colonna],5,PersonalExceptions[Dal],"<="&INT(F19),PersonalExceptions[Al],">="&INT(F19),PersonalExceptions[Active 0/1],1,PersonalExceptions[Effetto],"Rest") -> 0 | AT19: =COUNTIFS(PersonalExceptions[Colonna],6,PersonalExceptions[Dal],"<="&INT(G19),PersonalExceptions[Al],">="&INT(G19),PersonalExceptions[Active 0/1],1,PersonalExceptions[Effetto],"Rest") -> 0 | AU19: =COUNTIFS(PersonalExceptions[Colonna],7,PersonalExceptions[Dal],"<="&INT(H19),PersonalExceptions[Al],">="&INT(H19),PersonalExceptions[Active 0/1],1,PersonalExceptions[Effetto],"Rest") -> 0 | AW19: =COUNTIFS(PersonalExceptions[Colonna],1,PersonalExceptions[Dal],"<="&INT(B19),PersonalExceptions[Al],">="&INT(B19),PersonalExceptions[Active 0/1],1,PersonalExceptions[Effetto],"Activity") -> 0 | AX19: =COUNTIFS(PersonalExceptions[Colonna],2,PersonalExceptions[Dal],"<="&INT(C19),PersonalExceptions[Al],">="&INT(C19),PersonalExceptions[Active 0/1],1,PersonalExceptions[Effetto],"Activity") -> 0 | AY19: =COUNTIFS(PersonalExceptions[Colonna],3,PersonalExceptions[Dal],"<="&INT(D19),PersonalExceptions[Al],">="&INT(D19),PersonalExceptions[Active 0/1],1,PersonalExceptions[Effetto],"Activity") -> 0 | AZ19: =COUNTIFS(PersonalExceptions[Colonna],4,PersonalExceptions[Dal],"<="&INT(E19),PersonalExceptions[Al],">="&INT(E19),PersonalExceptions[Active 0/1],1,PersonalExceptions[Effetto],"Activity") -> 0 | BA19: =COUNTIFS(PersonalExceptions[Colonna],5,PersonalExceptions[Dal],"<="&INT(F19),PersonalExceptions[Al],">="&INT(F19),PersonalExceptions[Active 0/1],1,PersonalExceptions[Effetto],"Activity") -> 0 | BB19: =COUNTIFS(PersonalExceptions[Colonna],6,PersonalExceptions[Dal],"<="&INT(G19),PersonalExceptions[Al],">="&INT(G19),PersonalExceptions[Active 0/1],1,PersonalExceptions[Effetto],"Activity") -> 0 | BC19: =COUNTIFS(PersonalExceptions[Colonna],7,PersonalExceptions[Dal],"<="&INT(H19),PersonalExceptions[Al],">="&INT(H19),PersonalExceptions[Active 0/1],1,PersonalExceptions[Effetto],"Activity") -> 0 | BE19: =IF(Planner!B$10="Nessuno",0,COUNTIFS(ImportedHolidays[Calendar],Planner!B$10,ImportedHolidays[Date],INT(B19),ImportedHolidays[Active],1,ImportedHolidays[Kind],"WORKDAY")) -> 0 | BF19: =IF(Planner!C$10="Nessuno",0,COUNTIFS(ImportedHolidays[Calendar],Planner!C$10,ImportedHolidays[Date],INT(C19),ImportedHolidays[Active],1,ImportedHolidays[Kind],"WORKDAY")) -> 0 | BG19: =IF(Planner!D$10="Nessuno",0,COUNTIFS(ImportedHolidays[Calendar],Planner!D$10,ImportedHolidays[Date],INT(D19),ImportedHolidays[Active],1,ImportedHolidays[Kind],"WORKDAY")) -> 0 | BH19: =IF(Planner!E$10="Nessuno",0,COUNTIFS(ImportedHolidays[Calendar],Planner!E$10,ImportedHolidays[Date],INT(E19),ImportedHolidays[Active],1,ImportedHolidays[Kind],"WORKDAY")) -> 0 | BI19: =IF(Planner!F$10="Nessuno",0,COUNTIFS(ImportedHolidays[Calendar],Planner!F$10,ImportedHolidays[Date],INT(F19),ImportedHolidays[Active],1,ImportedHolidays[Kind],"WORKDAY")) -> 0 | BJ19: =IF(Planner!G$10="Nessuno",0,COUNTIFS(ImportedHolidays[Calendar],Planner!G$10,ImportedHolidays[Date],INT(G19),ImportedHolidays[Active],1,ImportedHolidays[Kind],"WORKDAY")) -> 0 | BK19: =IF(Planner!H$10="Nessuno",0,COUNTIFS(ImportedHolidays[Calendar],Planner!H$10,ImportedHolidays[Date],INT(H19),ImportedHolidays[Active],1,ImportedHolidays[Kind],"WORKDAY")) -> 0 | BM19: =IF(MOD(J19-B$11,1440)<B$12,2,IF(OR(MOD(J19-B$11,1440)<B$12+ROUND(Planner!$D$5*60,0),MOD(J19-B$11,1440)>=1440-ROUND(Planner!$B$5*60,0)),1,0)) -> 0 | BN19: =IF(MOD(K19-C$11,1440)<C$12,2,IF(OR(MOD(K19-C$11,1440)<C$12+ROUND(Planner!$D$5*60,0),MOD(K19-C$11,1440)>=1440-ROUND(Planner!$B$5*60,0)),1,0)) -> 0 | BO19: =IF(MOD(L19-D$11,1440)<D$12,2,IF(OR(MOD(L19-D$11,1440)<D$12+ROUND(Planner!$D$5*60,0),MOD(L19-D$11,1440)>=1440-ROUND(Planner!$B$5*60,0)),1,0)) -> 0 | BP19: =IF(MOD(M19-E$11,1440)<E$12,2,IF(OR(MOD(M19-E$11,1440)<E$12+ROUND(Planner!$D$5*60,0),MOD(M19-E$11,1440)>=1440-ROUND(Planner!$B$5*60,0)),1,0)) -> 0 | BQ19: =IF(MOD(N19-F$11,1440)<F$12,2,IF(OR(MOD(N19-F$11,1440)<F$12+ROUND(Planner!$D$5*60,0),MOD(N19-F$11,1440)>=1440-ROUND(Planner!$B$5*60,0)),1,0)) -> 0 | BR19: =IF(MOD(O19-G$11,1440)<G$12,2,IF(OR(MOD(O19-G$11,1440)<G$12+ROUND(Planner!$D$5*60,0),MOD(O19-G$11,1440)>=1440-ROUND(Planner!$B$5*60,0)),1,0)) -> 2 | BS19: =IF(MOD(P19-H$11,1440)<H$12,2,IF(OR(MOD(P19-H$11,1440)<H$12+ROUND(Planner!$D$5*60,0),MOD(P19-H$11,1440)>=1440-ROUND(Planner!$B$5*60,0)),1,0)) -> 2
A20: =ROUND(($B$6+3*60/1440)*1440,0)/1440 -> 46288.833 | B20: =IF(COUNTIFS(ZonePeriods[Code],Planner!B$9,ZonePeriods[FromUtc],"<="&$A20,ZonePeriods[UntilUtc],">"&$A20)=1,ROUND(($A20+SUMIFS(ZonePeriods[OffsetHours],ZonePeriods[Code],Planner!B$9,ZonePeriods[FromUtc],"<="&$A20,ZonePeriods[UntilUtc],">"&$A20)/24)*1440,0)/1440,NA()) -> 46289.125 | C20: =IF(COUNTIFS(ZonePeriods[Code],Planner!C$9,ZonePeriods[FromUtc],"<="&$A20,ZonePeriods[UntilUtc],">"&$A20)=1,ROUND(($A20+SUMIFS(ZonePeriods[OffsetHours],ZonePeriods[Code],Planner!C$9,ZonePeriods[FromUtc],"<="&$A20,ZonePeriods[UntilUtc],">"&$A20)/24)*1440,0)/1440,NA()) -> 46289.062 | D20: =IF(COUNTIFS(ZonePeriods[Code],Planner!D$9,ZonePeriods[FromUtc],"<="&$A20,ZonePeriods[UntilUtc],">"&$A20)=1,ROUND(($A20+SUMIFS(ZonePeriods[OffsetHours],ZonePeriods[Code],Planner!D$9,ZonePeriods[FromUtc],"<="&$A20,ZonePeriods[UntilUtc],">"&$A20)/24)*1440,0)/1440,NA()) -> 46288.958 | E20: =IF(COUNTIFS(ZonePeriods[Code],Planner!E$9,ZonePeriods[FromUtc],"<="&$A20,ZonePeriods[UntilUtc],">"&$A20)=1,ROUND(($A20+SUMIFS(ZonePeriods[OffsetHours],ZonePeriods[Code],Planner!E$9,ZonePeriods[FromUtc],"<="&$A20,ZonePeriods[UntilUtc],">"&$A20)/24)*1440,0)/1440,NA()) -> 46288.917 | F20: =IF(COUNTIFS(ZonePeriods[Code],Planner!F$9,ZonePeriods[FromUtc],"<="&$A20,ZonePeriods[UntilUtc],">"&$A20)=1,ROUND(($A20+SUMIFS(ZonePeriods[OffsetHours],ZonePeriods[Code],Planner!F$9,ZonePeriods[FromUtc],"<="&$A20,ZonePeriods[UntilUtc],">"&$A20)/24)*1440,0)/1440,NA()) -> 46288.875 | G20: =IF(COUNTIFS(ZonePeriods[Code],Planner!G$9,ZonePeriods[FromUtc],"<="&$A20,ZonePeriods[UntilUtc],">"&$A20)=1,ROUND(($A20+SUMIFS(ZonePeriods[OffsetHours],ZonePeriods[Code],Planner!G$9,ZonePeriods[FromUtc],"<="&$A20,ZonePeriods[UntilUtc],">"&$A20)/24)*1440,0)/1440,NA()) -> 46288.667 | H20: =IF(COUNTIFS(ZonePeriods[Code],Planner!H$9,ZonePeriods[FromUtc],"<="&$A20,ZonePeriods[UntilUtc],">"&$A20)=1,ROUND(($A20+SUMIFS(ZonePeriods[OffsetHours],ZonePeriods[Code],Planner!H$9,ZonePeriods[FromUtc],"<="&$A20,ZonePeriods[UntilUtc],">"&$A20)/24)*1440,0)/1440,NA()) -> 46288.542 | J20: =MOD(ROUND(B20*1440,0),1440) -> 180 | K20: =MOD(ROUND(C20*1440,0),1440) -> 90 | L20: =MOD(ROUND(D20*1440,0),1440) -> 1380 | M20: =MOD(ROUND(E20*1440,0),1440) -> 1320 | N20: =MOD(ROUND(F20*1440,0),1440) -> 1260 | O20: =MOD(ROUND(G20*1440,0),1440) -> 960 | P20: =MOD(ROUND(H20*1440,0),1440) -> 780 | R20: =IFERROR(IF(AND($B$7,$B$8,B$10),IF(AO20+AW20>1,-1,IF(AO20=1,0,IF(AW20=1,BM20,IF(Z20>0,0,IF(AND(AH20,BE20=0),0,BM20))))),-1),-1) -> 1 | S20: =IFERROR(IF(AND($B$7,$B$8,C$10),IF(AP20+AX20>1,-1,IF(AP20=1,0,IF(AX20=1,BN20,IF(AA20>0,0,IF(AND(AI20,BF20=0),0,BN20))))),-1),-1) -> 0 | T20: =IFERROR(IF(AND($B$7,$B$8,D$10),IF(AQ20+AY20>1,-1,IF(AQ20=1,0,IF(AY20=1,BO20,IF(AB20>0,0,IF(AND(AJ20,BG20=0),0,BO20))))),-1),-1) -> 0 | U20: =IFERROR(IF(AND($B$7,$B$8,E$10),IF(AR20+AZ20>1,-1,IF(AR20=1,0,IF(AZ20=1,BP20,IF(AC20>0,0,IF(AND(AK20,BH20=0),0,BP20))))),-1),-1) -> 0 | V20: =IFERROR(IF(AND($B$7,$B$8,F$10),IF(AS20+BA20>1,-1,IF(AS20=1,0,IF(BA20=1,BQ20,IF(AD20>0,0,IF(AND(AL20,BI20=0),0,BQ20))))),-1),-1) -> 0 | W20: =IFERROR(IF(AND($B$7,$B$8,G$10),IF(AT20+BB20>1,-1,IF(AT20=1,0,IF(BB20=1,BR20,IF(AE20>0,0,IF(AND(AM20,BJ20=0),0,BR20))))),-1),-1) -> 2 | X20: =IFERROR(IF(AND($B$7,$B$8,H$10),IF(AU20+BC20>1,-1,IF(AU20=1,0,IF(BC20=1,BS20,IF(AF20>0,0,IF(AND(AN20,BK20=0),0,BS20))))),-1),-1) -> 2 | Z20: =IF(Planner!B$10="Nessuno",0,COUNTIFS(HolidayDates[Calendar],Planner!B$10,HolidayDates[Local date],INT(B20),HolidayDates[Active 0/1],1)+COUNTIFS(ImportedHolidays[Calendar],Planner!B$10,ImportedHolidays[Date],INT(B20),ImportedHolidays[Active],1,ImportedHolidays[Kind],"HOLIDAY")) -> 0 | AA20: =IF(Planner!C$10="Nessuno",0,COUNTIFS(HolidayDates[Calendar],Planner!C$10,HolidayDates[Local date],INT(C20),HolidayDates[Active 0/1],1)+COUNTIFS(ImportedHolidays[Calendar],Planner!C$10,ImportedHolidays[Date],INT(C20),ImportedHolidays[Active],1,ImportedHolidays[Kind],"HOLIDAY")) -> 0 | AB20: =IF(Planner!D$10="Nessuno",0,COUNTIFS(HolidayDates[Calendar],Planner!D$10,HolidayDates[Local date],INT(D20),HolidayDates[Active 0/1],1)+COUNTIFS(ImportedHolidays[Calendar],Planner!D$10,ImportedHolidays[Date],INT(D20),ImportedHolidays[Active],1,ImportedHolidays[Kind],"HOLIDAY")) -> 0 | AC20: =IF(Planner!E$10="Nessuno",0,COUNTIFS(HolidayDates[Calendar],Planner!E$10,HolidayDates[Local date],INT(E20),HolidayDates[Active 0/1],1)+COUNTIFS(ImportedHolidays[Calendar],Planner!E$10,ImportedHolidays[Date],INT(E20),ImportedHolidays[Active],1,ImportedHolidays[Kind],"HOLIDAY")) -> 0 | AD20: =IF(Planner!F$10="Nessuno",0,COUNTIFS(HolidayDates[Calendar],Planner!F$10,HolidayDates[Local date],INT(F20),HolidayDates[Active 0/1],1)+COUNTIFS(ImportedHolidays[Calendar],Planner!F$10,ImportedHolidays[Date],INT(F20),ImportedHolidays[Active],1,ImportedHolidays[Kind],"HOLIDAY")) -> 0 | AE20: =IF(Planner!G$10="Nessuno",0,COUNTIFS(HolidayDates[Calendar],Planner!G$10,HolidayDates[Local date],INT(G20),HolidayDates[Active 0/1],1)+COUNTIFS(ImportedHolidays[Calendar],Planner!G$10,ImportedHolidays[Date],INT(G20),ImportedHolidays[Active],1,ImportedHolidays[Kind],"HOLIDAY")) -> 0 | AF20: =IF(Planner!H$10="Nessuno",0,COUNTIFS(HolidayDates[Calendar],Planner!H$10,HolidayDates[Local date],INT(H20),HolidayDates[Active 0/1],1)+COUNTIFS(ImportedHolidays[Calendar],Planner!H$10,ImportedHolidays[Date],INT(H20),ImportedHolidays[Active],1,ImportedHolidays[Kind],"HOLIDAY")) -> 0 | AH20: =INDEX(Parametri!$G12:$M12,1,WEEKDAY(INT(B20),2))=1 -> FALSE | AI20: =INDEX(Parametri!$G13:$M13,1,WEEKDAY(INT(C20),2))=1 -> FALSE | AJ20: =INDEX(Parametri!$G14:$M14,1,WEEKDAY(INT(D20),2))=1 -> FALSE | AK20: =INDEX(Parametri!$G15:$M15,1,WEEKDAY(INT(E20),2))=1 -> FALSE | AL20: =INDEX(Parametri!$G16:$M16,1,WEEKDAY(INT(F20),2))=1 -> FALSE | AM20: =INDEX(Parametri!$G17:$M17,1,WEEKDAY(INT(G20),2))=1 -> FALSE | AN20: =INDEX(Parametri!$G18:$M18,1,WEEKDAY(INT(H20),2))=1 -> FALSE | AO20: =COUNTIFS(PersonalExceptions[Colonna],1,PersonalExceptions[Dal],"<="&INT(B20),PersonalExceptions[Al],">="&INT(B20),PersonalExceptions[Active 0/1],1,PersonalExceptions[Effetto],"Rest") -> 0 | AP20: =COUNTIFS(PersonalExceptions[Colonna],2,PersonalExceptions[Dal],"<="&INT(C20),PersonalExceptions[Al],">="&INT(C20),PersonalExceptions[Active 0/1],1,PersonalExceptions[Effetto],"Rest") -> 0 | AQ20: =COUNTIFS(PersonalExceptions[Colonna],3,PersonalExceptions[Dal],"<="&INT(D20),PersonalExceptions[Al],">="&INT(D20),PersonalExceptions[Active 0/1],1,PersonalExceptions[Effetto],"Rest") -> 0 | AR20: =COUNTIFS(PersonalExceptions[Colonna],4,PersonalExceptions[Dal],"<="&INT(E20),PersonalExceptions[Al],">="&INT(E20),PersonalExceptions[Active 0/1],1,PersonalExceptions[Effetto],"Rest") -> 0 | AS20: =COUNTIFS(PersonalExceptions[Colonna],5,PersonalExceptions[Dal],"<="&INT(F20),PersonalExceptions[Al],">="&INT(F20),PersonalExceptions[Active 0/1],1,PersonalExceptions[Effetto],"Rest") -> 0 | AT20: =COUNTIFS(PersonalExceptions[Colonna],6,PersonalExceptions[Dal],"<="&INT(G20),PersonalExceptions[Al],">="&INT(G20),PersonalExceptions[Active 0/1],1,PersonalExceptions[Effetto],"Rest") -> 0 | AU20: =COUNTIFS(PersonalExceptions[Colonna],7,PersonalExceptions[Dal],"<="&INT(H20),PersonalExceptions[Al],">="&INT(H20),PersonalExceptions[Active 0/1],1,PersonalExceptions[Effetto],"Rest") -> 0 | AW20: =COUNTIFS(PersonalExceptions[Colonna],1,PersonalExceptions[Dal],"<="&INT(B20),PersonalExceptions[Al],">="&INT(B20),PersonalExceptions[Active 0/1],1,PersonalExceptions[Effetto],"Activity") -> 0 | AX20: =COUNTIFS(PersonalExceptions[Colonna],2,PersonalExceptions[Dal],"<="&INT(C20),PersonalExceptions[Al],">="&INT(C20),PersonalExceptions[Active 0/1],1,PersonalExceptions[Effetto],"Activity") -> 0 | AY20: =COUNTIFS(PersonalExceptions[Colonna],3,PersonalExceptions[Dal],"<="&INT(D20),PersonalExceptions[Al],">="&INT(D20),PersonalExceptions[Active 0/1],1,PersonalExceptions[Effetto],"Activity") -> 0 | AZ20: =COUNTIFS(PersonalExceptions[Colonna],4,PersonalExceptions[Dal],"<="&INT(E20),PersonalExceptions[Al],">="&INT(E20),PersonalExceptions[Active 0/1],1,PersonalExceptions[Effetto],"Activity") -> 0 | BA20: =COUNTIFS(PersonalExceptions[Colonna],5,PersonalExceptions[Dal],"<="&INT(F20),PersonalExceptions[Al],">="&INT(F20),PersonalExceptions[Active 0/1],1,PersonalExceptions[Effetto],"Activity") -> 0 | BB20: =COUNTIFS(PersonalExceptions[Colonna],6,PersonalExceptions[Dal],"<="&INT(G20),PersonalExceptions[Al],">="&INT(G20),PersonalExceptions[Active 0/1],1,PersonalExceptions[Effetto],"Activity") -> 0 | BC20: =COUNTIFS(PersonalExceptions[Colonna],7,PersonalExceptions[Dal],"<="&INT(H20),PersonalExceptions[Al],">="&INT(H20),PersonalExceptions[Active 0/1],1,PersonalExceptions[Effetto],"Activity") -> 0 | BE20: =IF(Planner!B$10="Nessuno",0,COUNTIFS(ImportedHolidays[Calendar],Planner!B$10,ImportedHolidays[Date],INT(B20),ImportedHolidays[Active],1,ImportedHolidays[Kind],"WORKDAY")) -> 0 | BF20: =IF(Planner!C$10="Nessuno",0,COUNTIFS(ImportedHolidays[Calendar],Planner!C$10,ImportedHolidays[Date],INT(C20),ImportedHolidays[Active],1,ImportedHolidays[Kind],"WORKDAY")) -> 0 | BG20: =IF(Planner!D$10="Nessuno",0,COUNTIFS(ImportedHolidays[Calendar],Planner!D$10,ImportedHolidays[Date],INT(D20),ImportedHolidays[Active],1,ImportedHolidays[Kind],"WORKDAY")) -> 0 | BH20: =IF(Planner!E$10="Nessuno",0,COUNTIFS(ImportedHolidays[Calendar],Planner!E$10,ImportedHolidays[Date],INT(E20),ImportedHolidays[Active],1,ImportedHolidays[Kind],"WORKDAY")) -> 0 | BI20: =IF(Planner!F$10="Nessuno",0,COUNTIFS(ImportedHolidays[Calendar],Planner!F$10,ImportedHolidays[Date],INT(F20),ImportedHolidays[Active],1,ImportedHolidays[Kind],"WORKDAY")) -> 0 | BJ20: =IF(Planner!G$10="Nessuno",0,COUNTIFS(ImportedHolidays[Calendar],Planner!G$10,ImportedHolidays[Date],INT(G20),ImportedHolidays[Active],1,ImportedHolidays[Kind],"WORKDAY")) -> 0 | BK20: =IF(Planner!H$10="Nessuno",0,COUNTIFS(ImportedHolidays[Calendar],Planner!H$10,ImportedHolidays[Date],INT(H20),ImportedHolidays[Active],1,ImportedHolidays[Kind],"WORKDAY")) -> 0 | BM20: =IF(MOD(J20-B$11,1440)<B$12,2,IF(OR(MOD(J20-B$11,1440)<B$12+ROUND(Planner!$D$5*60,0),MOD(J20-B$11,1440)>=1440-ROUND(Planner!$B$5*60,0)),1,0)) -> 1 | BN20: =IF(MOD(K20-C$11,1440)<C$12,2,IF(OR(MOD(K20-C$11,1440)<C$12+ROUND(Planner!$D$5*60,0),MOD(K20-C$11,1440)>=1440-ROUND(Planner!$B$5*60,0)),1,0)) -> 0 | BO20: =IF(MOD(L20-D$11,1440)<D$12,2,IF(OR(MOD(L20-D$11,1440)<D$12+ROUND(Planner!$D$5*60,0),MOD(L20-D$11,1440)>=1440-ROUND(Planner!$B$5*60,0)),1,0)) -> 0 | BP20: =IF(MOD(M20-E$11,1440)<E$12,2,IF(OR(MOD(M20-E$11,1440)<E$12+ROUND(Planner!$D$5*60,0),MOD(M20-E$11,1440)>=1440-ROUND(Planner!$B$5*60,0)),1,0)) -> 0 | BQ20: =IF(MOD(N20-F$11,1440)<F$12,2,IF(OR(MOD(N20-F$11,1440)<F$12+ROUND(Planner!$D$5*60,0),MOD(N20-F$11,1440)>=1440-ROUND(Planner!$B$5*60,0)),1,0)) -> 0 | BR20: =IF(MOD(O20-G$11,1440)<G$12,2,IF(OR(MOD(O20-G$11,1440)<G$12+ROUND(Planner!$D$5*60,0),MOD(O20-G$11,1440)>=1440-ROUND(Planner!$B$5*60,0)),1,0)) -> 2 | BS20: =IF(MOD(P20-H$11,1440)<H$12,2,IF(OR(MOD(P20-H$11,1440)<H$12+ROUND(Planner!$D$5*60,0),MOD(P20-H$11,1440)>=1440-ROUND(Planner!$B$5*60,0)),1,0)) -> 2
A21: =ROUND(($B$6+4*60/1440)*1440,0)/1440 -> 46288.875 | B21: =IF(COUNTIFS(ZonePeriods[Code],Planner!B$9,ZonePeriods[FromUtc],"<="&$A21,ZonePeriods[UntilUtc],">"&$A21)=1,ROUND(($A21+SUMIFS(ZonePeriods[OffsetHours],ZonePeriods[Code],Planner!B$9,ZonePeriods[FromUtc],"<="&$A21,ZonePeriods[UntilUtc],">"&$A21)/24)*1440,0)/1440,NA()) -> 46289.167 | C21: =IF(COUNTIFS(ZonePeriods[Code],Planner!C$9,ZonePeriods[FromUtc],"<="&$A21,ZonePeriods[UntilUtc],">"&$A21)=1,ROUND(($A21+SUMIFS(ZonePeriods[OffsetHours],ZonePeriods[Code],Planner!C$9,ZonePeriods[FromUtc],"<="&$A21,ZonePeriods[UntilUtc],">"&$A21)/24)*1440,0)/1440,NA()) -> 46289.104 | D21: =IF(COUNTIFS(ZonePeriods[Code],Planner!D$9,ZonePeriods[FromUtc],"<="&$A21,ZonePeriods[UntilUtc],">"&$A21)=1,ROUND(($A21+SUMIFS(ZonePeriods[OffsetHours],ZonePeriods[Code],Planner!D$9,ZonePeriods[FromUtc],"<="&$A21,ZonePeriods[UntilUtc],">"&$A21)/24)*1440,0)/1440,NA()) -> 46289 | E21: =IF(COUNTIFS(ZonePeriods[Code],Planner!E$9,ZonePeriods[FromUtc],"<="&$A21,ZonePeriods[UntilUtc],">"&$A21)=1,ROUND(($A21+SUMIFS(ZonePeriods[OffsetHours],ZonePeriods[Code],Planner!E$9,ZonePeriods[FromUtc],"<="&$A21,ZonePeriods[UntilUtc],">"&$A21)/24)*1440,0)/1440,NA()) -> 46288.958 | F21: =IF(COUNTIFS(ZonePeriods[Code],Planner!F$9,ZonePeriods[FromUtc],"<="&$A21,ZonePeriods[UntilUtc],">"&$A21)=1,ROUND(($A21+SUMIFS(ZonePeriods[OffsetHours],ZonePeriods[Code],Planner!F$9,ZonePeriods[FromUtc],"<="&$A21,ZonePeriods[UntilUtc],">"&$A21)/24)*1440,0)/1440,NA()) -> 46288.917 | G21: =IF(COUNTIFS(ZonePeriods[Code],Planner!G$9,ZonePeriods[FromUtc],"<="&$A21,ZonePeriods[UntilUtc],">"&$A21)=1,ROUND(($A21+SUMIFS(ZonePeriods[OffsetHours],ZonePeriods[Code],Planner!G$9,ZonePeriods[FromUtc],"<="&$A21,ZonePeriods[UntilUtc],">"&$A21)/24)*1440,0)/1440,NA()) -> 46288.708 | H21: =IF(COUNTIFS(ZonePeriods[Code],Planner!H$9,ZonePeriods[FromUtc],"<="&$A21,ZonePeriods[UntilUtc],">"&$A21)=1,ROUND(($A21+SUMIFS(ZonePeriods[OffsetHours],ZonePeriods[Code],Planner!H$9,ZonePeriods[FromUtc],"<="&$A21,ZonePeriods[UntilUtc],">"&$A21)/24)*1440,0)/1440,NA()) -> 46288.583 | J21: =MOD(ROUND(B21*1440,0),1440) -> 240 | K21: =MOD(ROUND(C21*1440,0),1440) -> 150 | L21: =MOD(ROUND(D21*1440,0),1440) -> 0 | M21: =MOD(ROUND(E21*1440,0),1440) -> 1380 | N21: =MOD(ROUND(F21*1440,0),1440) -> 1320 | O21: =MOD(ROUND(G21*1440,0),1440) -> 1020 | P21: =MOD(ROUND(H21*1440,0),1440) -> 840 | R21: =IFERROR(IF(AND($B$7,$B$8,B$10),IF(AO21+AW21>1,-1,IF(AO21=1,0,IF(AW21=1,BM21,IF(Z21>0,0,IF(AND(AH21,BE21=0),0,BM21))))),-1),-1) -> 1 | S21: =IFERROR(IF(AND($B$7,$B$8,C$10),IF(AP21+AX21>1,-1,IF(AP21=1,0,IF(AX21=1,BN21,IF(AA21>0,0,IF(AND(AI21,BF21=0),0,BN21))))),-1),-1) -> 0 | T21: =IFERROR(IF(AND($B$7,$B$8,D$10),IF(AQ21+AY21>1,-1,IF(AQ21=1,0,IF(AY21=1,BO21,IF(AB21>0,0,IF(AND(AJ21,BG21=0),0,BO21))))),-1),-1) -> 0 | U21: =IFERROR(IF(AND($B$7,$B$8,E$10),IF(AR21+AZ21>1,-1,IF(AR21=1,0,IF(AZ21=1,BP21,IF(AC21>0,0,IF(AND(AK21,BH21=0),0,BP21))))),-1),-1) -> 0 | V21: =IFERROR(IF(AND($B$7,$B$8,F$10),IF(AS21+BA21>1,-1,IF(AS21=1,0,IF(BA21=1,BQ21,IF(AD21>0,0,IF(AND(AL21,BI21=0),0,BQ21))))),-1),-1) -> 0 | W21: =IFERROR(IF(AND($B$7,$B$8,G$10),IF(AT21+BB21>1,-1,IF(AT21=1,0,IF(BB21=1,BR21,IF(AE21>0,0,IF(AND(AM21,BJ21=0),0,BR21))))),-1),-1) -> 2 | X21: =IFERROR(IF(AND($B$7,$B$8,H$10),IF(AU21+BC21>1,-1,IF(AU21=1,0,IF(BC21=1,BS21,IF(AF21>0,0,IF(AND(AN21,BK21=0),0,BS21))))),-1),-1) -> 2 | Z21: =IF(Planner!B$10="Nessuno",0,COUNTIFS(HolidayDates[Calendar],Planner!B$10,HolidayDates[Local date],INT(B21),HolidayDates[Active 0/1],1)+COUNTIFS(ImportedHolidays[Calendar],Planner!B$10,ImportedHolidays[Date],INT(B21),ImportedHolidays[Active],1,ImportedHolidays[Kind],"HOLIDAY")) -> 0 | AA21: =IF(Planner!C$10="Nessuno",0,COUNTIFS(HolidayDates[Calendar],Planner!C$10,HolidayDates[Local date],INT(C21),HolidayDates[Active 0/1],1)+COUNTIFS(ImportedHolidays[Calendar],Planner!C$10,ImportedHolidays[Date],INT(C21),ImportedHolidays[Active],1,ImportedHolidays[Kind],"HOLIDAY")) -> 0 | AB21: =IF(Planner!D$10="Nessuno",0,COUNTIFS(HolidayDates[Calendar],Planner!D$10,HolidayDates[Local date],INT(D21),HolidayDates[Active 0/1],1)+COUNTIFS(ImportedHolidays[Calendar],Planner!D$10,ImportedHolidays[Date],INT(D21),ImportedHolidays[Active],1,ImportedHolidays[Kind],"HOLIDAY")) -> 0 | AC21: =IF(Planner!E$10="Nessuno",0,COUNTIFS(HolidayDates[Calendar],Planner!E$10,HolidayDates[Local date],INT(E21),HolidayDates[Active 0/1],1)+COUNTIFS(ImportedHolidays[Calendar],Planner!E$10,ImportedHolidays[Date],INT(E21),ImportedHolidays[Active],1,ImportedHolidays[Kind],"HOLIDAY")) -> 0 | AD21: =IF(Planner!F$10="Nessuno",0,COUNTIFS(HolidayDates[Calendar],Planner!F$10,HolidayDates[Local date],INT(F21),HolidayDates[Active 0/1],1)+COUNTIFS(ImportedHolidays[Calendar],Planner!F$10,ImportedHolidays[Date],INT(F21),ImportedHolidays[Active],1,ImportedHolidays[Kind],"HOLIDAY")) -> 0 | AE21: =IF(Planner!G$10="Nessuno",0,COUNTIFS(HolidayDates[Calendar],Planner!G$10,HolidayDates[Local date],INT(G21),HolidayDates[Active 0/1],1)+COUNTIFS(ImportedHolidays[Calendar],Planner!G$10,ImportedHolidays[Date],INT(G21),ImportedHolidays[Active],1,ImportedHolidays[Kind],"HOLIDAY")) -> 0 | AF21: =IF(Planner!H$10="Nessuno",0,COUNTIFS(HolidayDates[Calendar],Planner!H$10,HolidayDates[Local date],INT(H21),HolidayDates[Active 0/1],1)+COUNTIFS(ImportedHolidays[Calendar],Planner!H$10,ImportedHolidays[Date],INT(H21),ImportedHolidays[Active],1,ImportedHolidays[Kind],"HOLIDAY")) -> 0 | AH21: =INDEX(Parametri!$G12:$M12,1,WEEKDAY(INT(B21),2))=1 -> FALSE | AI21: =INDEX(Parametri!$G13:$M13,1,WEEKDAY(INT(C21),2))=1 -> FALSE | AJ21: =INDEX(Parametri!$G14:$M14,1,WEEKDAY(INT(D21),2))=1 -> FALSE | AK21: =INDEX(Parametri!$G15:$M15,1,WEEKDAY(INT(E21),2))=1 -> FALSE | AL21: =INDEX(Parametri!$G16:$M16,1,WEEKDAY(INT(F21),2))=1 -> FALSE | AM21: =INDEX(Parametri!$G17:$M17,1,WEEKDAY(INT(G21),2))=1 -> FALSE | AN21: =INDEX(Parametri!$G18:$M18,1,WEEKDAY(INT(H21),2))=1 -> FALSE | AO21: =COUNTIFS(PersonalExceptions[Colonna],1,PersonalExceptions[Dal],"<="&INT(B21),PersonalExceptions[Al],">="&INT(B21),PersonalExceptions[Active 0/1],1,PersonalExceptions[Effetto],"Rest") -> 0 | AP21: =COUNTIFS(PersonalExceptions[Colonna],2,PersonalExceptions[Dal],"<="&INT(C21),PersonalExceptions[Al],">="&INT(C21),PersonalExceptions[Active 0/1],1,PersonalExceptions[Effetto],"Rest") -> 0 | AQ21: =COUNTIFS(PersonalExceptions[Colonna],3,PersonalExceptions[Dal],"<="&INT(D21),PersonalExceptions[Al],">="&INT(D21),PersonalExceptions[Active 0/1],1,PersonalExceptions[Effetto],"Rest") -> 0 | AR21: =COUNTIFS(PersonalExceptions[Colonna],4,PersonalExceptions[Dal],"<="&INT(E21),PersonalExceptions[Al],">="&INT(E21),PersonalExceptions[Active 0/1],1,PersonalExceptions[Effetto],"Rest") -> 0 | AS21: =COUNTIFS(PersonalExceptions[Colonna],5,PersonalExceptions[Dal],"<="&INT(F21),PersonalExceptions[Al],">="&INT(F21),PersonalExceptions[Active 0/1],1,PersonalExceptions[Effetto],"Rest") -> 0 | AT21: =COUNTIFS(PersonalExceptions[Colonna],6,PersonalExceptions[Dal],"<="&INT(G21),PersonalExceptions[Al],">="&INT(G21),PersonalExceptions[Active 0/1],1,PersonalExceptions[Effetto],"Rest") -> 0 | AU21: =COUNTIFS(PersonalExceptions[Colonna],7,PersonalExceptions[Dal],"<="&INT(H21),PersonalExceptions[Al],">="&INT(H21),PersonalExceptions[Active 0/1],1,PersonalExceptions[Effetto],"Rest") -> 0 | AW21: =COUNTIFS(PersonalExceptions[Colonna],1,PersonalExceptions[Dal],"<="&INT(B21),PersonalExceptions[Al],">="&INT(B21),PersonalExceptions[Active 0/1],1,PersonalExceptions[Effetto],"Activity") -> 0 | AX21: =COUNTIFS(PersonalExceptions[Colonna],2,PersonalExceptions[Dal],"<="&INT(C21),PersonalExceptions[Al],">="&INT(C21),PersonalExceptions[Active 0/1],1,PersonalExceptions[Effetto],"Activity") -> 0 | AY21: =COUNTIFS(PersonalExceptions[Colonna],3,PersonalExceptions[Dal],"<="&INT(D21),PersonalExceptions[Al],">="&INT(D21),PersonalExceptions[Active 0/1],1,PersonalExceptions[Effetto],"Activity") -> 0 | AZ21: =COUNTIFS(PersonalExceptions[Colonna],4,PersonalExceptions[Dal],"<="&INT(E21),PersonalExceptions[Al],">="&INT(E21),PersonalExceptions[Active 0/1],1,PersonalExceptions[Effetto],"Activity") -> 0 | BA21: =COUNTIFS(PersonalExceptions[Colonna],5,PersonalExceptions[Dal],"<="&INT(F21),PersonalExceptions[Al],">="&INT(F21),PersonalExceptions[Active 0/1],1,PersonalExceptions[Effetto],"Activity") -> 0 | BB21: =COUNTIFS(PersonalExceptions[Colonna],6,PersonalExceptions[Dal],"<="&INT(G21),PersonalExceptions[Al],">="&INT(G21),PersonalExceptions[Active 0/1],1,PersonalExceptions[Effetto],"Activity") -> 0 | BC21: =COUNTIFS(PersonalExceptions[Colonna],7,PersonalExceptions[Dal],"<="&INT(H21),PersonalExceptions[Al],">="&INT(H21),PersonalExceptions[Active 0/1],1,PersonalExceptions[Effetto],"Activity") -> 0 | BE21: =IF(Planner!B$10="Nessuno",0,COUNTIFS(ImportedHolidays[Calendar],Planner!B$10,ImportedHolidays[Date],INT(B21),ImportedHolidays[Active],1,ImportedHolidays[Kind],"WORKDAY")) -> 0 | BF21: =IF(Planner!C$10="Nessuno",0,COUNTIFS(ImportedHolidays[Calendar],Planner!C$10,ImportedHolidays[Date],INT(C21),ImportedHolidays[Active],1,ImportedHolidays[Kind],"WORKDAY")) -> 0 | BG21: =IF(Planner!D$10="Nessuno",0,COUNTIFS(ImportedHolidays[Calendar],Planner!D$10,ImportedHolidays[Date],INT(D21),ImportedHolidays[Active],1,ImportedHolidays[Kind],"WORKDAY")) -> 0 | BH21: =IF(Planner!E$10="Nessuno",0,COUNTIFS(ImportedHolidays[Calendar],Planner!E$10,ImportedHolidays[Date],INT(E21),ImportedHolidays[Active],1,ImportedHolidays[Kind],"WORKDAY")) -> 0 | BI21: =IF(Planner!F$10="Nessuno",0,COUNTIFS(ImportedHolidays[Calendar],Planner!F$10,ImportedHolidays[Date],INT(F21),ImportedHolidays[Active],1,ImportedHolidays[Kind],"WORKDAY")) -> 0 | BJ21: =IF(Planner!G$10="Nessuno",0,COUNTIFS(ImportedHolidays[Calendar],Planner!G$10,ImportedHolidays[Date],INT(G21),ImportedHolidays[Active],1,ImportedHolidays[Kind],"WORKDAY")) -> 0 | BK21: =IF(Planner!H$10="Nessuno",0,COUNTIFS(ImportedHolidays[Calendar],Planner!H$10,ImportedHolidays[Date],INT(H21),ImportedHolidays[Active],1,ImportedHolidays[Kind],"WORKDAY")) -> 0 | BM21: =IF(MOD(J21-B$11,1440)<B$12,2,IF(OR(MOD(J21-B$11,1440)<B$12+ROUND(Planner!$D$5*60,0),MOD(J21-B$11,1440)>=1440-ROUND(Planner!$B$5*60,0)),1,0)) -> 1 | BN21: =IF(MOD(K21-C$11,1440)<C$12,2,IF(OR(MOD(K21-C$11,1440)<C$12+ROUND(Planner!$D$5*60,0),MOD(K21-C$11,1440)>=1440-ROUND(Planner!$B$5*60,0)),1,0)) -> 0 | BO21: =IF(MOD(L21-D$11,1440)<D$12,2,IF(OR(MOD(L21-D$11,1440)<D$12+ROUND(Planner!$D$5*60,0),MOD(L21-D$11,1440)>=1440-ROUND(Planner!$B$5*60,0)),1,0)) -> 0 | BP21: =IF(MOD(M21-E$11,1440)<E$12,2,IF(OR(MOD(M21-E$11,1440)<E$12+ROUND(Planner!$D$5*60,0),MOD(M21-E$11,1440)>=1440-ROUND(Planner!$B$5*60,0)),1,0)) -> 0 | BQ21: =IF(MOD(N21-F$11,1440)<F$12,2,IF(OR(MOD(N21-F$11,1440)<F$12+ROUND(Planner!$D$5*60,0),MOD(N21-F$11,1440)>=1440-ROUND(Planner!$B$5*60,0)),1,0)) -> 0 | BR21: =IF(MOD(O21-G$11,1440)<G$12,2,IF(OR(MOD(O21-G$11,1440)<G$12+ROUND(Planner!$D$5*60,0),MOD(O21-G$11,1440)>=1440-ROUND(Planner!$B$5*60,0)),1,0)) -> 2 | BS21: =IF(MOD(P21-H$11,1440)<H$12,2,IF(OR(MOD(P21-H$11,1440)<H$12+ROUND(Planner!$D$5*60,0),MOD(P21-H$11,1440)>=1440-ROUND(Planner!$B$5*60,0)),1,0)) -> 2
A22: =ROUND(($B$6+5*60/1440)*1440,0)/1440 -> 46288.917 | B22: =IF(COUNTIFS(ZonePeriods[Code],Planner!B$9,ZonePeriods[FromUtc],"<="&$A22,ZonePeriods[UntilUtc],">"&$A22)=1,ROUND(($A22+SUMIFS(ZonePeriods[OffsetHours],ZonePeriods[Code],Planner!B$9,ZonePeriods[FromUtc],"<="&$A22,ZonePeriods[UntilUtc],">"&$A22)/24)*1440,0)/1440,NA()) -> 46289.208 | C22: =IF(COUNTIFS(ZonePeriods[Code],Planner!C$9,ZonePeriods[FromUtc],"<="&$A22,ZonePeriods[UntilUtc],">"&$A22)=1,ROUND(($A22+SUMIFS(ZonePeriods[OffsetHours],ZonePeriods[Code],Planner!C$9,ZonePeriods[FromUtc],"<="&$A22,ZonePeriods[UntilUtc],">"&$A22)/24)*1440,0)/1440,NA()) -> 46289.146 | D22: =IF(COUNTIFS(ZonePeriods[Code],Planner!D$9,ZonePeriods[FromUtc],"<="&$A22,ZonePeriods[UntilUtc],">"&$A22)=1,ROUND(($A22+SUMIFS(ZonePeriods[OffsetHours],ZonePeriods[Code],Planner!D$9,ZonePeriods[FromUtc],"<="&$A22,ZonePeriods[UntilUtc],">"&$A22)/24)*1440,0)/1440,NA()) -> 46289.042 | E22: =IF(COUNTIFS(ZonePeriods[Code],Planner!E$9,ZonePeriods[FromUtc],"<="&$A22,ZonePeriods[UntilUtc],">"&$A22)=1,ROUND(($A22+SUMIFS(ZonePeriods[OffsetHours],ZonePeriods[Code],Planner!E$9,ZonePeriods[FromUtc],"<="&$A22,ZonePeriods[UntilUtc],">"&$A22)/24)*1440,0)/1440,NA()) -> 46289 | F22: =IF(COUNTIFS(ZonePeriods[Code],Planner!F$9,ZonePeriods[FromUtc],"<="&$A22,ZonePeriods[UntilUtc],">"&$A22)=1,ROUND(($A22+SUMIFS(ZonePeriods[OffsetHours],ZonePeriods[Code],Planner!F$9,ZonePeriods[FromUtc],"<="&$A22,ZonePeriods[UntilUtc],">"&$A22)/24)*1440,0)/1440,NA()) -> 46288.958 | G22: =IF(COUNTIFS(ZonePeriods[Code],Planner!G$9,ZonePeriods[FromUtc],"<="&$A22,ZonePeriods[UntilUtc],">"&$A22)=1,ROUND(($A22+SUMIFS(ZonePeriods[OffsetHours],ZonePeriods[Code],Planner!G$9,ZonePeriods[FromUtc],"<="&$A22,ZonePeriods[UntilUtc],">"&$A22)/24)*1440,0)/1440,NA()) -> 46288.75 | H22: =IF(COUNTIFS(ZonePeriods[Code],Planner!H$9,ZonePeriods[FromUtc],"<="&$A22,ZonePeriods[UntilUtc],">"&$A22)=1,ROUND(($A22+SUMIFS(ZonePeriods[OffsetHours],ZonePeriods[Code],Planner!H$9,ZonePeriods[FromUtc],"<="&$A22,ZonePeriods[UntilUtc],">"&$A22)/24)*1440,0)/1440,NA()) -> 46288.625 | J22: =MOD(ROUND(B22*1440,0),1440) -> 300 | K22: =MOD(ROUND(C22*1440,0),1440) -> 210 | L22: =MOD(ROUND(D22*1440,0),1440) -> 60 | M22: =MOD(ROUND(E22*1440,0),1440) -> 0 | N22: =MOD(ROUND(F22*1440,0),1440) -> 1380 | O22: =MOD(ROUND(G22*1440,0),1440) -> 1080 | P22: =MOD(ROUND(H22*1440,0),1440) -> 900 | R22: =IFERROR(IF(AND($B$7,$B$8,B$10),IF(AO22+AW22>1,-1,IF(AO22=1,0,IF(AW22=1,BM22,IF(Z22>0,0,IF(AND(AH22,BE22=0),0,BM22))))),-1),-1) -> 2 | S22: =IFERROR(IF(AND($B$7,$B$8,C$10),IF(AP22+AX22>1,-1,IF(AP22=1,0,IF(AX22=1,BN22,IF(AA22>0,0,IF(AND(AI22,BF22=0),0,BN22))))),-1),-1) -> 0 | T22: =IFERROR(IF(AND($B$7,$B$8,D$10),IF(AQ22+AY22>1,-1,IF(AQ22=1,0,IF(AY22=1,BO22,IF(AB22>0,0,IF(AND(AJ22,BG22=0),0,BO22))))),-1),-1) -> 0 | U22: =IFERROR(IF(AND($B$7,$B$8,E$10),IF(AR22+AZ22>1,-1,IF(AR22=1,0,IF(AZ22=1,BP22,IF(AC22>0,0,IF(AND(AK22,BH22=0),0,BP22))))),-1),-1) -> 0 | V22: =IFERROR(IF(AND($B$7,$B$8,F$10),IF(AS22+BA22>1,-1,IF(AS22=1,0,IF(BA22=1,BQ22,IF(AD22>0,0,IF(AND(AL22,BI22=0),0,BQ22))))),-1),-1) -> 0 | W22: =IFERROR(IF(AND($B$7,$B$8,G$10),IF(AT22+BB22>1,-1,IF(AT22=1,0,IF(BB22=1,BR22,IF(AE22>0,0,IF(AND(AM22,BJ22=0),0,BR22))))),-1),-1) -> 1 | X22: =IFERROR(IF(AND($B$7,$B$8,H$10),IF(AU22+BC22>1,-1,IF(AU22=1,0,IF(BC22=1,BS22,IF(AF22>0,0,IF(AND(AN22,BK22=0),0,BS22))))),-1),-1) -> 2 | Z22: =IF(Planner!B$10="Nessuno",0,COUNTIFS(HolidayDates[Calendar],Planner!B$10,HolidayDates[Local date],INT(B22),HolidayDates[Active 0/1],1)+COUNTIFS(ImportedHolidays[Calendar],Planner!B$10,ImportedHolidays[Date],INT(B22),ImportedHolidays[Active],1,ImportedHolidays[Kind],"HOLIDAY")) -> 0 | AA22: =IF(Planner!C$10="Nessuno",0,COUNTIFS(HolidayDates[Calendar],Planner!C$10,HolidayDates[Local date],INT(C22),HolidayDates[Active 0/1],1)+COUNTIFS(ImportedHolidays[Calendar],Planner!C$10,ImportedHolidays[Date],INT(C22),ImportedHolidays[Active],1,ImportedHolidays[Kind],"HOLIDAY")) -> 0 | AB22: =IF(Planner!D$10="Nessuno",0,COUNTIFS(HolidayDates[Calendar],Planner!D$10,HolidayDates[Local date],INT(D22),HolidayDates[Active 0/1],1)+COUNTIFS(ImportedHolidays[Calendar],Planner!D$10,ImportedHolidays[Date],INT(D22),ImportedHolidays[Active],1,ImportedHolidays[Kind],"HOLIDAY")) -> 0 | AC22: =IF(Planner!E$10="Nessuno",0,COUNTIFS(HolidayDates[Calendar],Planner!E$10,HolidayDates[Local date],INT(E22),HolidayDates[Active 0/1],1)+COUNTIFS(ImportedHolidays[Calendar],Planner!E$10,ImportedHolidays[Date],INT(E22),ImportedHolidays[Active],1,ImportedHolidays[Kind],"HOLIDAY")) -> 0 | AD22: =IF(Planner!F$10="Nessuno",0,COUNTIFS(HolidayDates[Calendar],Planner!F$10,HolidayDates[Local date],INT(F22),HolidayDates[Active 0/1],1)+COUNTIFS(ImportedHolidays[Calendar],Planner!F$10,ImportedHolidays[Date],INT(F22),ImportedHolidays[Active],1,ImportedHolidays[Kind],"HOLIDAY")) -> 0 | AE22: =IF(Planner!G$10="Nessuno",0,COUNTIFS(HolidayDates[Calendar],Planner!G$10,HolidayDates[Local date],INT(G22),HolidayDates[Active 0/1],1)+COUNTIFS(ImportedHolidays[Calendar],Planner!G$10,ImportedHolidays[Date],INT(G22),ImportedHolidays[Active],1,ImportedHolidays[Kind],"HOLIDAY")) -> 0 | AF22: =IF(Planner!H$10="Nessuno",0,COUNTIFS(HolidayDates[Calendar],Planner!H$10,HolidayDates[Local date],INT(H22),HolidayDates[Active 0/1],1)+COUNTIFS(ImportedHolidays[Calendar],Planner!H$10,ImportedHolidays[Date],INT(H22),ImportedHolidays[Active],1,ImportedHolidays[Kind],"HOLIDAY")) -> 0 | AH22: =INDEX(Parametri!$G12:$M12,1,WEEKDAY(INT(B22),2))=1 -> FALSE | AI22: =INDEX(Parametri!$G13:$M13,1,WEEKDAY(INT(C22),2))=1 -> FALSE | AJ22: =INDEX(Parametri!$G14:$M14,1,WEEKDAY(INT(D22),2))=1 -> FALSE | AK22: =INDEX(Parametri!$G15:$M15,1,WEEKDAY(INT(E22),2))=1 -> FALSE | AL22: =INDEX(Parametri!$G16:$M16,1,WEEKDAY(INT(F22),2))=1 -> FALSE | AM22: =INDEX(Parametri!$G17:$M17,1,WEEKDAY(INT(G22),2))=1 -> FALSE | AN22: =INDEX(Parametri!$G18:$M18,1,WEEKDAY(INT(H22),2))=1 -> FALSE | AO22: =COUNTIFS(PersonalExceptions[Colonna],1,PersonalExceptions[Dal],"<="&INT(B22),PersonalExceptions[Al],">="&INT(B22),PersonalExceptions[Active 0/1],1,PersonalExceptions[Effetto],"Rest") -> 0 | AP22: =COUNTIFS(PersonalExceptions[Colonna],2,PersonalExceptions[Dal],"<="&INT(C22),PersonalExceptions[Al],">="&INT(C22),PersonalExceptions[Active 0/1],1,PersonalExceptions[Effetto],"Rest") -> 0 | AQ22: =COUNTIFS(PersonalExceptions[Colonna],3,PersonalExceptions[Dal],"<="&INT(D22),PersonalExceptions[Al],">="&INT(D22),PersonalExceptions[Active 0/1],1,PersonalExceptions[Effetto],"Rest") -> 0 | AR22: =COUNTIFS(PersonalExceptions[Colonna],4,PersonalExceptions[Dal],"<="&INT(E22),PersonalExceptions[Al],">="&INT(E22),PersonalExceptions[Active 0/1],1,PersonalExceptions[Effetto],"Rest") -> 0 | AS22: =COUNTIFS(PersonalExceptions[Colonna],5,PersonalExceptions[Dal],"<="&INT(F22),PersonalExceptions[Al],">="&INT(F22),PersonalExceptions[Active 0/1],1,PersonalExceptions[Effetto],"Rest") -> 0 | AT22: =COUNTIFS(PersonalExceptions[Colonna],6,PersonalExceptions[Dal],"<="&INT(G22),PersonalExceptions[Al],">="&INT(G22),PersonalExceptions[Active 0/1],1,PersonalExceptions[Effetto],"Rest") -> 0 | AU22: =COUNTIFS(PersonalExceptions[Colonna],7,PersonalExceptions[Dal],"<="&INT(H22),PersonalExceptions[Al],">="&INT(H22),PersonalExceptions[Active 0/1],1,PersonalExceptions[Effetto],"Rest") -> 0 | AW22: =COUNTIFS(PersonalExceptions[Colonna],1,PersonalExceptions[Dal],"<="&INT(B22),PersonalExceptions[Al],">="&INT(B22),PersonalExceptions[Active 0/1],1,PersonalExceptions[Effetto],"Activity") -> 0 | AX22: =COUNTIFS(PersonalExceptions[Colonna],2,PersonalExceptions[Dal],"<="&INT(C22),PersonalExceptions[Al],">="&INT(C22),PersonalExceptions[Active 0/1],1,PersonalExceptions[Effetto],"Activity") -> 0 | AY22: =COUNTIFS(PersonalExceptions[Colonna],3,PersonalExceptions[Dal],"<="&INT(D22),PersonalExceptions[Al],">="&INT(D22),PersonalExceptions[Active 0/1],1,PersonalExceptions[Effetto],"Activity") -> 0 | AZ22: =COUNTIFS(PersonalExceptions[Colonna],4,PersonalExceptions[Dal],"<="&INT(E22),PersonalExceptions[Al],">="&INT(E22),PersonalExceptions[Active 0/1],1,PersonalExceptions[Effetto],"Activity") -> 0 | BA22: =COUNTIFS(PersonalExceptions[Colonna],5,PersonalExceptions[Dal],"<="&INT(F22),PersonalExceptions[Al],">="&INT(F22),PersonalExceptions[Active 0/1],1,PersonalExceptions[Effetto],"Activity") -> 0 | BB22: =COUNTIFS(PersonalExceptions[Colonna],6,PersonalExceptions[Dal],"<="&INT(G22),PersonalExceptions[Al],">="&INT(G22),PersonalExceptions[Active 0/1],1,PersonalExceptions[Effetto],"Activity") -> 0 | BC22: =COUNTIFS(PersonalExceptions[Colonna],7,PersonalExceptions[Dal],"<="&INT(H22),PersonalExceptions[Al],">="&INT(H22),PersonalExceptions[Active 0/1],1,PersonalExceptions[Effetto],"Activity") -> 0 | BE22: =IF(Planner!B$10="Nessuno",0,COUNTIFS(ImportedHolidays[Calendar],Planner!B$10,ImportedHolidays[Date],INT(B22),ImportedHolidays[Active],1,ImportedHolidays[Kind],"WORKDAY")) -> 0 | BF22: =IF(Planner!C$10="Nessuno",0,COUNTIFS(ImportedHolidays[Calendar],Planner!C$10,ImportedHolidays[Date],INT(C22),ImportedHolidays[Active],1,ImportedHolidays[Kind],"WORKDAY")) -> 0 | BG22: =IF(Planner!D$10="Nessuno",0,COUNTIFS(ImportedHolidays[Calendar],Planner!D$10,ImportedHolidays[Date],INT(D22),ImportedHolidays[Active],1,ImportedHolidays[Kind],"WORKDAY")) -> 0 | BH22: =IF(Planner!E$10="Nessuno",0,COUNTIFS(ImportedHolidays[Calendar],Planner!E$10,ImportedHolidays[Date],INT(E22),ImportedHolidays[Active],1,ImportedHolidays[Kind],"WORKDAY")) -> 0 | BI22: =IF(Planner!F$10="Nessuno",0,COUNTIFS(ImportedHolidays[Calendar],Planner!F$10,ImportedHolidays[Date],INT(F22),ImportedHolidays[Active],1,ImportedHolidays[Kind],"WORKDAY")) -> 0 | BJ22: =IF(Planner!G$10="Nessuno",0,COUNTIFS(ImportedHolidays[Calendar],Planner!G$10,ImportedHolidays[Date],INT(G22),ImportedHolidays[Active],1,ImportedHolidays[Kind],"WORKDAY")) -> 0 | BK22: =IF(Planner!H$10="Nessuno",0,COUNTIFS(ImportedHolidays[Calendar],Planner!H$10,ImportedHolidays[Date],INT(H22),ImportedHolidays[Active],1,ImportedHolidays[Kind],"WORKDAY")) -> 0 | BM22: =IF(MOD(J22-B$11,1440)<B$12,2,IF(OR(MOD(J22-B$11,1440)<B$12+ROUND(Planner!$D$5*60,0),MOD(J22-B$11,1440)>=1440-ROUND(Planner!$B$5*60,0)),1,0)) -> 2 | BN22: =IF(MOD(K22-C$11,1440)<C$12,2,IF(OR(MOD(K22-C$11,1440)<C$12+ROUND(Planner!$D$5*60,0),MOD(K22-C$11,1440)>=1440-ROUND(Planner!$B$5*60,0)),1,0)) -> 0 | BO22: =IF(MOD(L22-D$11,1440)<D$12,2,IF(OR(MOD(L22-D$11,1440)<D$12+ROUND(Planner!$D$5*60,0),MOD(L22-D$11,1440)>=1440-ROUND(Planner!$B$5*60,0)),1,0)) -> 0 | BP22: =IF(MOD(M22-E$11,1440)<E$12,2,IF(OR(MOD(M22-E$11,1440)<E$12+ROUND(Planner!$D$5*60,0),MOD(M22-E$11,1440)>=1440-ROUND(Planner!$B$5*60,0)),1,0)) -> 0 | BQ22: =IF(MOD(N22-F$11,1440)<F$12,2,IF(OR(MOD(N22-F$11,1440)<F$12+ROUND(Planner!$D$5*60,0),MOD(N22-F$11,1440)>=1440-ROUND(Planner!$B$5*60,0)),1,0)) -> 0 | BR22: =IF(MOD(O22-G$11,1440)<G$12,2,IF(OR(MOD(O22-G$11,1440)<G$12+ROUND(Planner!$D$5*60,0),MOD(O22-G$11,1440)>=1440-ROUND(Planner!$B$5*60,0)),1,0)) -> 1 | BS22: =IF(MOD(P22-H$11,1440)<H$12,2,IF(OR(MOD(P22-H$11,1440)<H$12+ROUND(Planner!$D$5*60,0),MOD(P22-H$11,1440)>=1440-ROUND(Planner!$B$5*60,0)),1,0)) -> 2
A23: =ROUND(($B$6+6*60/1440)*1440,0)/1440 -> 46288.958 | B23: =IF(COUNTIFS(ZonePeriods[Code],Planner!B$9,ZonePeriods[FromUtc],"<="&$A23,ZonePeriods[UntilUtc],">"&$A23)=1,ROUND(($A23+SUMIFS(ZonePeriods[OffsetHours],ZonePeriods[Code],Planner!B$9,ZonePeriods[FromUtc],"<="&$A23,ZonePeriods[UntilUtc],">"&$A23)/24)*1440,0)/1440,NA()) -> 46289.25 | C23: =IF(COUNTIFS(ZonePeriods[Code],Planner!C$9,ZonePeriods[FromUtc],"<="&$A23,ZonePeriods[UntilUtc],">"&$A23)=1,ROUND(($A23+SUMIFS(ZonePeriods[OffsetHours],ZonePeriods[Code],Planner!C$9,ZonePeriods[FromUtc],"<="&$A23,ZonePeriods[UntilUtc],">"&$A23)/24)*1440,0)/1440,NA()) -> 46289.188 | D23: =IF(COUNTIFS(ZonePeriods[Code],Planner!D$9,ZonePeriods[FromUtc],"<="&$A23,ZonePeriods[UntilUtc],">"&$A23)=1,ROUND(($A23+SUMIFS(ZonePeriods[OffsetHours],ZonePeriods[Code],Planner!D$9,ZonePeriods[FromUtc],"<="&$A23,ZonePeriods[UntilUtc],">"&$A23)/24)*1440,0)/1440,NA()) -> 46289.083 | E23: =IF(COUNTIFS(ZonePeriods[Code],Planner!E$9,ZonePeriods[FromUtc],"<="&$A23,ZonePeriods[UntilUtc],">"&$A23)=1,ROUND(($A23+SUMIFS(ZonePeriods[OffsetHours],ZonePeriods[Code],Planner!E$9,ZonePeriods[FromUtc],"<="&$A23,ZonePeriods[UntilUtc],">"&$A23)/24)*1440,0)/1440,NA()) -> 46289.042 | F23: =IF(COUNTIFS(ZonePeriods[Code],Planner!F$9,ZonePeriods[FromUtc],"<="&$A23,ZonePeriods[UntilUtc],">"&$A23)=1,ROUND(($A23+SUMIFS(ZonePeriods[OffsetHours],ZonePeriods[Code],Planner!F$9,ZonePeriods[FromUtc],"<="&$A23,ZonePeriods[UntilUtc],">"&$A23)/24)*1440,0)/1440,NA()) -> 46289 | G23: =IF(COUNTIFS(ZonePeriods[Code],Planner!G$9,ZonePeriods[FromUtc],"<="&$A23,ZonePeriods[UntilUtc],">"&$A23)=1,ROUND(($A23+SUMIFS(ZonePeriods[OffsetHours],ZonePeriods[Code],Planner!G$9,ZonePeriods[FromUtc],"<="&$A23,ZonePeriods[UntilUtc],">"&$A23)/24)*1440,0)/1440,NA()) -> 46288.792 | H23: =IF(COUNTIFS(ZonePeriods[Code],Planner!H$9,ZonePeriods[FromUtc],"<="&$A23,ZonePeriods[UntilUtc],">"&$A23)=1,ROUND(($A23+SUMIFS(ZonePeriods[OffsetHours],ZonePeriods[Code],Planner!H$9,ZonePeriods[FromUtc],"<="&$A23,ZonePeriods[UntilUtc],">"&$A23)/24)*1440,0)/1440,NA()) -> 46288.667 | J23: =MOD(ROUND(B23*1440,0),1440) -> 360 | K23: =MOD(ROUND(C23*1440,0),1440) -> 270 | L23: =MOD(ROUND(D23*1440,0),1440) -> 120 | M23: =MOD(ROUND(E23*1440,0),1440) -> 60 | N23: =MOD(ROUND(F23*1440,0),1440) -> 0 | O23: =MOD(ROUND(G23*1440,0),1440) -> 1140 | P23: =MOD(ROUND(H23*1440,0),1440) -> 960 | R23: =IFERROR(IF(AND($B$7,$B$8,B$10),IF(AO23+AW23>1,-1,IF(AO23=1,0,IF(AW23=1,BM23,IF(Z23>0,0,IF(AND(AH23,BE23=0),0,BM23))))),-1),-1) -> 2 | S23: =IFERROR(IF(AND($B$7,$B$8,C$10),IF(AP23+AX23>1,-1,IF(AP23=1,0,IF(AX23=1,BN23,IF(AA23>0,0,IF(AND(AI23,BF23=0),0,BN23))))),-1),-1) -> 0 | T23: =IFERROR(IF(AND($B$7,$B$8,D$10),IF(AQ23+AY23>1,-1,IF(AQ23=1,0,IF(AY23=1,BO23,IF(AB23>0,0,IF(AND(AJ23,BG23=0),0,BO23))))),-1),-1) -> 0 | U23: =IFERROR(IF(AND($B$7,$B$8,E$10),IF(AR23+AZ23>1,-1,IF(AR23=1,0,IF(AZ23=1,BP23,IF(AC23>0,0,IF(AND(AK23,BH23=0),0,BP23))))),-1),-1) -> 0 | V23: =IFERROR(IF(AND($B$7,$B$8,F$10),IF(AS23+BA23>1,-1,IF(AS23=1,0,IF(BA23=1,BQ23,IF(AD23>0,0,IF(AND(AL23,BI23=0),0,BQ23))))),-1),-1) -> 0 | W23: =IFERROR(IF(AND($B$7,$B$8,G$10),IF(AT23+BB23>1,-1,IF(AT23=1,0,IF(BB23=1,BR23,IF(AE23>0,0,IF(AND(AM23,BJ23=0),0,BR23))))),-1),-1) -> 1 | X23: =IFERROR(IF(AND($B$7,$B$8,H$10),IF(AU23+BC23>1,-1,IF(AU23=1,0,IF(BC23=1,BS23,IF(AF23>0,0,IF(AND(AN23,BK23=0),0,BS23))))),-1),-1) -> 2 | Z23: =IF(Planner!B$10="Nessuno",0,COUNTIFS(HolidayDates[Calendar],Planner!B$10,HolidayDates[Local date],INT(B23),HolidayDates[Active 0/1],1)+COUNTIFS(ImportedHolidays[Calendar],Planner!B$10,ImportedHolidays[Date],INT(B23),ImportedHolidays[Active],1,ImportedHolidays[Kind],"HOLIDAY")) -> 0 | AA23: =IF(Planner!C$10="Nessuno",0,COUNTIFS(HolidayDates[Calendar],Planner!C$10,HolidayDates[Local date],INT(C23),HolidayDates[Active 0/1],1)+COUNTIFS(ImportedHolidays[Calendar],Planner!C$10,ImportedHolidays[Date],INT(C23),ImportedHolidays[Active],1,ImportedHolidays[Kind],"HOLIDAY")) -> 0 | AB23: =IF(Planner!D$10="Nessuno",0,COUNTIFS(HolidayDates[Calendar],Planner!D$10,HolidayDates[Local date],INT(D23),HolidayDates[Active 0/1],1)+COUNTIFS(ImportedHolidays[Calendar],Planner!D$10,ImportedHolidays[Date],INT(D23),ImportedHolidays[Active],1,ImportedHolidays[Kind],"HOLIDAY")) -> 0 | AC23: =IF(Planner!E$10="Nessuno",0,COUNTIFS(HolidayDates[Calendar],Planner!E$10,HolidayDates[Local date],INT(E23),HolidayDates[Active 0/1],1)+COUNTIFS(ImportedHolidays[Calendar],Planner!E$10,ImportedHolidays[Date],INT(E23),ImportedHolidays[Active],1,ImportedHolidays[Kind],"HOLIDAY")) -> 0 | AD23: =IF(Planner!F$10="Nessuno",0,COUNTIFS(HolidayDates[Calendar],Planner!F$10,HolidayDates[Local date],INT(F23),HolidayDates[Active 0/1],1)+COUNTIFS(ImportedHolidays[Calendar],Planner!F$10,ImportedHolidays[Date],INT(F23),ImportedHolidays[Active],1,ImportedHolidays[Kind],"HOLIDAY")) -> 0 | AE23: =IF(Planner!G$10="Nessuno",0,COUNTIFS(HolidayDates[Calendar],Planner!G$10,HolidayDates[Local date],INT(G23),HolidayDates[Active 0/1],1)+COUNTIFS(ImportedHolidays[Calendar],Planner!G$10,ImportedHolidays[Date],INT(G23),ImportedHolidays[Active],1,ImportedHolidays[Kind],"HOLIDAY")) -> 0 | AF23: =IF(Planner!H$10="Nessuno",0,COUNTIFS(HolidayDates[Calendar],Planner!H$10,HolidayDates[Local date],INT(H23),HolidayDates[Active 0/1],1)+COUNTIFS(ImportedHolidays[Calendar],Planner!H$10,ImportedHolidays[Date],INT(H23),ImportedHolidays[Active],1,ImportedHolidays[Kind],"HOLIDAY")) -> 0 | AH23: =INDEX(Parametri!$G12:$M12,1,WEEKDAY(INT(B23),2))=1 -> FALSE | AI23: =INDEX(Parametri!$G13:$M13,1,WEEKDAY(INT(C23),2))=1 -> FALSE | AJ23: =INDEX(Parametri!$G14:$M14,1,WEEKDAY(INT(D23),2))=1 -> FALSE | AK23: =INDEX(Parametri!$G15:$M15,1,WEEKDAY(INT(E23),2))=1 -> FALSE | AL23: =INDEX(Parametri!$G16:$M16,1,WEEKDAY(INT(F23),2))=1 -> FALSE | AM23: =INDEX(Parametri!$G17:$M17,1,WEEKDAY(INT(G23),2))=1 -> FALSE | AN23: =INDEX(Parametri!$G18:$M18,1,WEEKDAY(INT(H23),2))=1 -> FALSE | AO23: =COUNTIFS(PersonalExceptions[Colonna],1,PersonalExceptions[Dal],"<="&INT(B23),PersonalExceptions[Al],">="&INT(B23),PersonalExceptions[Active 0/1],1,PersonalExceptions[Effetto],"Rest") -> 0 | AP23: =COUNTIFS(PersonalExceptions[Colonna],2,PersonalExceptions[Dal],"<="&INT(C23),PersonalExceptions[Al],">="&INT(C23),PersonalExceptions[Active 0/1],1,PersonalExceptions[Effetto],"Rest") -> 0 | AQ23: =COUNTIFS(PersonalExceptions[Colonna],3,PersonalExceptions[Dal],"<="&INT(D23),PersonalExceptions[Al],">="&INT(D23),PersonalExceptions[Active 0/1],1,PersonalExceptions[Effetto],"Rest") -> 0 | AR23: =COUNTIFS(PersonalExceptions[Colonna],4,PersonalExceptions[Dal],"<="&INT(E23),PersonalExceptions[Al],">="&INT(E23),PersonalExceptions[Active 0/1],1,PersonalExceptions[Effetto],"Rest") -> 0 | AS23: =COUNTIFS(PersonalExceptions[Colonna],5,PersonalExceptions[Dal],"<="&INT(F23),PersonalExceptions[Al],">="&INT(F23),PersonalExceptions[Active 0/1],1,PersonalExceptions[Effetto],"Rest") -> 0 | AT23: =COUNTIFS(PersonalExceptions[Colonna],6,PersonalExceptions[Dal],"<="&INT(G23),PersonalExceptions[Al],">="&INT(G23),PersonalExceptions[Active 0/1],1,PersonalExceptions[Effetto],"Rest") -> 0 | AU23: =COUNTIFS(PersonalExceptions[Colonna],7,PersonalExceptions[Dal],"<="&INT(H23),PersonalExceptions[Al],">="&INT(H23),PersonalExceptions[Active 0/1],1,PersonalExceptions[Effetto],"Rest") -> 0 | AW23: =COUNTIFS(PersonalExceptions[Colonna],1,PersonalExceptions[Dal],"<="&INT(B23),PersonalExceptions[Al],">="&INT(B23),PersonalExceptions[Active 0/1],1,PersonalExceptions[Effetto],"Activity") -> 0 | AX23: =COUNTIFS(PersonalExceptions[Colonna],2,PersonalExceptions[Dal],"<="&INT(C23),PersonalExceptions[Al],">="&INT(C23),PersonalExceptions[Active 0/1],1,PersonalExceptions[Effetto],"Activity") -> 0 | AY23: =COUNTIFS(PersonalExceptions[Colonna],3,PersonalExceptions[Dal],"<="&INT(D23),PersonalExceptions[Al],">="&INT(D23),PersonalExceptions[Active 0/1],1,PersonalExceptions[Effetto],"Activity") -> 0 | AZ23: =COUNTIFS(PersonalExceptions[Colonna],4,PersonalExceptions[Dal],"<="&INT(E23),PersonalExceptions[Al],">="&INT(E23),PersonalExceptions[Active 0/1],1,PersonalExceptions[Effetto],"Activity") -> 0 | BA23: =COUNTIFS(PersonalExceptions[Colonna],5,PersonalExceptions[Dal],"<="&INT(F23),PersonalExceptions[Al],">="&INT(F23),PersonalExceptions[Active 0/1],1,PersonalExceptions[Effetto],"Activity") -> 0 | BB23: =COUNTIFS(PersonalExceptions[Colonna],6,PersonalExceptions[Dal],"<="&INT(G23),PersonalExceptions[Al],">="&INT(G23),PersonalExceptions[Active 0/1],1,PersonalExceptions[Effetto],"Activity") -> 0 | BC23: =COUNTIFS(PersonalExceptions[Colonna],7,PersonalExceptions[Dal],"<="&INT(H23),PersonalExceptions[Al],">="&INT(H23),PersonalExceptions[Active 0/1],1,PersonalExceptions[Effetto],"Activity") -> 0 | BE23: =IF(Planner!B$10="Nessuno",0,COUNTIFS(ImportedHolidays[Calendar],Planner!B$10,ImportedHolidays[Date],INT(B23),ImportedHolidays[Active],1,ImportedHolidays[Kind],"WORKDAY")) -> 0 | BF23: =IF(Planner!C$10="Nessuno",0,COUNTIFS(ImportedHolidays[Calendar],Planner!C$10,ImportedHolidays[Date],INT(C23),ImportedHolidays[Active],1,ImportedHolidays[Kind],"WORKDAY")) -> 0 | BG23: =IF(Planner!D$10="Nessuno",0,COUNTIFS(ImportedHolidays[Calendar],Planner!D$10,ImportedHolidays[Date],INT(D23),ImportedHolidays[Active],1,ImportedHolidays[Kind],"WORKDAY")) -> 0 | BH23: =IF(Planner!E$10="Nessuno",0,COUNTIFS(ImportedHolidays[Calendar],Planner!E$10,ImportedHolidays[Date],INT(E23),ImportedHolidays[Active],1,ImportedHolidays[Kind],"WORKDAY")) -> 0 | BI23: =IF(Planner!F$10="Nessuno",0,COUNTIFS(ImportedHolidays[Calendar],Planner!F$10,ImportedHolidays[Date],INT(F23),ImportedHolidays[Active],1,ImportedHolidays[Kind],"WORKDAY")) -> 0 | BJ23: =IF(Planner!G$10="Nessuno",0,COUNTIFS(ImportedHolidays[Calendar],Planner!G$10,ImportedHolidays[Date],INT(G23),ImportedHolidays[Active],1,ImportedHolidays[Kind],"WORKDAY")) -> 0 | BK23: =IF(Planner!H$10="Nessuno",0,COUNTIFS(ImportedHolidays[Calendar],Planner!H$10,ImportedHolidays[Date],INT(H23),ImportedHolidays[Active],1,ImportedHolidays[Kind],"WORKDAY")) -> 0 | BM23: =IF(MOD(J23-B$11,1440)<B$12,2,IF(OR(MOD(J23-B$11,1440)<B$12+ROUND(Planner!$D$5*60,0),MOD(J23-B$11,1440)>=1440-ROUND(Planner!$B$5*60,0)),1,0)) -> 2 | BN23: =IF(MOD(K23-C$11,1440)<C$12,2,IF(OR(MOD(K23-C$11,1440)<C$12+ROUND(Planner!$D$5*60,0),MOD(K23-C$11,1440)>=1440-ROUND(Planner!$B$5*60,0)),1,0)) -> 0 | BO23: =IF(MOD(L23-D$11,1440)<D$12,2,IF(OR(MOD(L23-D$11,1440)<D$12+ROUND(Planner!$D$5*60,0),MOD(L23-D$11,1440)>=1440-ROUND(Planner!$B$5*60,0)),1,0)) -> 0 | BP23: =IF(MOD(M23-E$11,1440)<E$12,2,IF(OR(MOD(M23-E$11,1440)<E$12+ROUND(Planner!$D$5*60,0),MOD(M23-E$11,1440)>=1440-ROUND(Planner!$B$5*60,0)),1,0)) -> 0 | BQ23: =IF(MOD(N23-F$11,1440)<F$12,2,IF(OR(MOD(N23-F$11,1440)<F$12+ROUND(Planner!$D$5*60,0),MOD(N23-F$11,1440)>=1440-ROUND(Planner!$B$5*60,0)),1,0)) -> 0 | BR23: =IF(MOD(O23-G$11,1440)<G$12,2,IF(OR(MOD(O23-G$11,1440)<G$12+ROUND(Planner!$D$5*60,0),MOD(O23-G$11,1440)>=1440-ROUND(Planner!$B$5*60,0)),1,0)) -> 1 | BS23: =IF(MOD(P23-H$11,1440)<H$12,2,IF(OR(MOD(P23-H$11,1440)<H$12+ROUND(Planner!$D$5*60,0),MOD(P23-H$11,1440)>=1440-ROUND(Planner!$B$5*60,0)),1,0)) -> 2
A24: =ROUND(($B$6+7*60/1440)*1440,0)/1440 -> 46289 | B24: =IF(COUNTIFS(ZonePeriods[Code],Planner!B$9,ZonePeriods[FromUtc],"<="&$A24,ZonePeriods[UntilUtc],">"&$A24)=1,ROUND(($A24+SUMIFS(ZonePeriods[OffsetHours],ZonePeriods[Code],Planner!B$9,ZonePeriods[FromUtc],"<="&$A24,ZonePeriods[UntilUtc],">"&$A24)/24)*1440,0)/1440,NA()) -> 46289.292 | C24: =IF(COUNTIFS(ZonePeriods[Code],Planner!C$9,ZonePeriods[FromUtc],"<="&$A24,ZonePeriods[UntilUtc],">"&$A24)=1,ROUND(($A24+SUMIFS(ZonePeriods[OffsetHours],ZonePeriods[Code],Planner!C$9,ZonePeriods[FromUtc],"<="&$A24,ZonePeriods[UntilUtc],">"&$A24)/24)*1440,0)/1440,NA()) -> 46289.229 | D24: =IF(COUNTIFS(ZonePeriods[Code],Planner!D$9,ZonePeriods[FromUtc],"<="&$A24,ZonePeriods[UntilUtc],">"&$A24)=1,ROUND(($A24+SUMIFS(ZonePeriods[OffsetHours],ZonePeriods[Code],Planner!D$9,ZonePeriods[FromUtc],"<="&$A24,ZonePeriods[UntilUtc],">"&$A24)/24)*1440,0)/1440,NA()) -> 46289.125 | E24: =IF(COUNTIFS(ZonePeriods[Code],Planner!E$9,ZonePeriods[FromUtc],"<="&$A24,ZonePeriods[UntilUtc],">"&$A24)=1,ROUND(($A24+SUMIFS(ZonePeriods[OffsetHours],ZonePeriods[Code],Planner!E$9,ZonePeriods[FromUtc],"<="&$A24,ZonePeriods[UntilUtc],">"&$A24)/24)*1440,0)/1440,NA()) -> 46289.083 | F24: =IF(COUNTIFS(ZonePeriods[Code],Planner!F$9,ZonePeriods[FromUtc],"<="&$A24,ZonePeriods[UntilUtc],">"&$A24)=1,ROUND(($A24+SUMIFS(ZonePeriods[OffsetHours],ZonePeriods[Code],Planner!F$9,ZonePeriods[FromUtc],"<="&$A24,ZonePeriods[UntilUtc],">"&$A24)/24)*1440,0)/1440,NA()) -> 46289.042 | G24: =IF(COUNTIFS(ZonePeriods[Code],Planner!G$9,ZonePeriods[FromUtc],"<="&$A24,ZonePeriods[UntilUtc],">"&$A24)=1,ROUND(($A24+SUMIFS(ZonePeriods[OffsetHours],ZonePeriods[Code],Planner!G$9,ZonePeriods[FromUtc],"<="&$A24,ZonePeriods[UntilUtc],">"&$A24)/24)*1440,0)/1440,NA()) -> 46288.833 | H24: =IF(COUNTIFS(ZonePeriods[Code],Planner!H$9,ZonePeriods[FromUtc],"<="&$A24,ZonePeriods[UntilUtc],">"&$A24)=1,ROUND(($A24+SUMIFS(ZonePeriods[OffsetHours],ZonePeriods[Code],Planner!H$9,ZonePeriods[FromUtc],"<="&$A24,ZonePeriods[UntilUtc],">"&$A24)/24)*1440,0)/1440,NA()) -> 46288.708 | J24: =MOD(ROUND(B24*1440,0),1440) -> 420 | K24: =MOD(ROUND(C24*1440,0),1440) -> 330 | L24: =MOD(ROUND(D24*1440,0),1440) -> 180 | M24: =MOD(ROUND(E24*1440,0),1440) -> 120 | N24: =MOD(ROUND(F24*1440,0),1440) -> 60 | O24: =MOD(ROUND(G24*1440,0),1440) -> 1200 | P24: =MOD(ROUND(H24*1440,0),1440) -> 1020 | R24: =IFERROR(IF(AND($B$7,$B$8,B$10),IF(AO24+AW24>1,-1,IF(AO24=1,0,IF(AW24=1,BM24,IF(Z24>0,0,IF(AND(AH24,BE24=0),0,BM24))))),-1),-1) -> 2 | S24: =IFERROR(IF(AND($B$7,$B$8,C$10),IF(AP24+AX24>1,-1,IF(AP24=1,0,IF(AX24=1,BN24,IF(AA24>0,0,IF(AND(AI24,BF24=0),0,BN24))))),-1),-1) -> 0 | T24: =IFERROR(IF(AND($B$7,$B$8,D$10),IF(AQ24+AY24>1,-1,IF(AQ24=1,0,IF(AY24=1,BO24,IF(AB24>0,0,IF(AND(AJ24,BG24=0),0,BO24))))),-1),-1) -> 0 | U24: =IFERROR(IF(AND($B$7,$B$8,E$10),IF(AR24+AZ24>1,-1,IF(AR24=1,0,IF(AZ24=1,BP24,IF(AC24>0,0,IF(AND(AK24,BH24=0),0,BP24))))),-1),-1) -> 0 | V24: =IFERROR(IF(AND($B$7,$B$8,F$10),IF(AS24+BA24>1,-1,IF(AS24=1,0,IF(BA24=1,BQ24,IF(AD24>0,0,IF(AND(AL24,BI24=0),0,BQ24))))),-1),-1) -> 0 | W24: =IFERROR(IF(AND($B$7,$B$8,G$10),IF(AT24+BB24>1,-1,IF(AT24=1,0,IF(BB24=1,BR24,IF(AE24>0,0,IF(AND(AM24,BJ24=0),0,BR24))))),-1),-1) -> 0 | X24: =IFERROR(IF(AND($B$7,$B$8,H$10),IF(AU24+BC24>1,-1,IF(AU24=1,0,IF(BC24=1,BS24,IF(AF24>0,0,IF(AND(AN24,BK24=0),0,BS24))))),-1),-1) -> 2 | Z24: =IF(Planner!B$10="Nessuno",0,COUNTIFS(HolidayDates[Calendar],Planner!B$10,HolidayDates[Local date],INT(B24),HolidayDates[Active 0/1],1)+COUNTIFS(ImportedHolidays[Calendar],Planner!B$10,ImportedHolidays[Date],INT(B24),ImportedHolidays[Active],1,ImportedHolidays[Kind],"HOLIDAY")) -> 0 | AA24: =IF(Planner!C$10="Nessuno",0,COUNTIFS(HolidayDates[Calendar],Planner!C$10,HolidayDates[Local date],INT(C24),HolidayDates[Active 0/1],1)+COUNTIFS(ImportedHolidays[Calendar],Planner!C$10,ImportedHolidays[Date],INT(C24),ImportedHolidays[Active],1,ImportedHolidays[Kind],"HOLIDAY")) -> 0 | AB24: =IF(Planner!D$10="Nessuno",0,COUNTIFS(HolidayDates[Calendar],Planner!D$10,HolidayDates[Local date],INT(D24),HolidayDates[Active 0/1],1)+COUNTIFS(ImportedHolidays[Calendar],Planner!D$10,ImportedHolidays[Date],INT(D24),ImportedHolidays[Active],1,ImportedHolidays[Kind],"HOLIDAY")) -> 0 | AC24: =IF(Planner!E$10="Nessuno",0,COUNTIFS(HolidayDates[Calendar],Planner!E$10,HolidayDates[Local date],INT(E24),HolidayDates[Active 0/1],1)+COUNTIFS(ImportedHolidays[Calendar],Planner!E$10,ImportedHolidays[Date],INT(E24),ImportedHolidays[Active],1,ImportedHolidays[Kind],"HOLIDAY")) -> 0 | AD24: =IF(Planner!F$10="Nessuno",0,COUNTIFS(HolidayDates[Calendar],Planner!F$10,HolidayDates[Local date],INT(F24),HolidayDates[Active 0/1],1)+COUNTIFS(ImportedHolidays[Calendar],Planner!F$10,ImportedHolidays[Date],INT(F24),ImportedHolidays[Active],1,ImportedHolidays[Kind],"HOLIDAY")) -> 0 | AE24: =IF(Planner!G$10="Nessuno",0,COUNTIFS(HolidayDates[Calendar],Planner!G$10,HolidayDates[Local date],INT(G24),HolidayDates[Active 0/1],1)+COUNTIFS(ImportedHolidays[Calendar],Planner!G$10,ImportedHolidays[Date],INT(G24),ImportedHolidays[Active],1,ImportedHolidays[Kind],"HOLIDAY")) -> 0 | AF24: =IF(Planner!H$10="Nessuno",0,COUNTIFS(HolidayDates[Calendar],Planner!H$10,HolidayDates[Local date],INT(H24),HolidayDates[Active 0/1],1)+COUNTIFS(ImportedHolidays[Calendar],Planner!H$10,ImportedHolidays[Date],INT(H24),ImportedHolidays[Active],1,ImportedHolidays[Kind],"HOLIDAY")) -> 0 | AH24: =INDEX(Parametri!$G12:$M12,1,WEEKDAY(INT(B24),2))=1 -> FALSE | AI24: =INDEX(Parametri!$G13:$M13,1,WEEKDAY(INT(C24),2))=1 -> FALSE | AJ24: =INDEX(Parametri!$G14:$M14,1,WEEKDAY(INT(D24),2))=1 -> FALSE | AK24: =INDEX(Parametri!$G15:$M15,1,WEEKDAY(INT(E24),2))=1 -> FALSE | AL24: =INDEX(Parametri!$G16:$M16,1,WEEKDAY(INT(F24),2))=1 -> FALSE | AM24: =INDEX(Parametri!$G17:$M17,1,WEEKDAY(INT(G24),2))=1 -> FALSE | AN24: =INDEX(Parametri!$G18:$M18,1,WEEKDAY(INT(H24),2))=1 -> FALSE | AO24: =COUNTIFS(PersonalExceptions[Colonna],1,PersonalExceptions[Dal],"<="&INT(B24),PersonalExceptions[Al],">="&INT(B24),PersonalExceptions[Active 0/1],1,PersonalExceptions[Effetto],"Rest") -> 0 | AP24: =COUNTIFS(PersonalExceptions[Colonna],2,PersonalExceptions[Dal],"<="&INT(C24),PersonalExceptions[Al],">="&INT(C24),PersonalExceptions[Active 0/1],1,PersonalExceptions[Effetto],"Rest") -> 0 | AQ24: =COUNTIFS(PersonalExceptions[Colonna],3,PersonalExceptions[Dal],"<="&INT(D24),PersonalExceptions[Al],">="&INT(D24),PersonalExceptions[Active 0/1],1,PersonalExceptions[Effetto],"Rest") -> 0 | AR24: =COUNTIFS(PersonalExceptions[Colonna],4,PersonalExceptions[Dal],"<="&INT(E24),PersonalExceptions[Al],">="&INT(E24),PersonalExceptions[Active 0/1],1,PersonalExceptions[Effetto],"Rest") -> 0 | AS24: =COUNTIFS(PersonalExceptions[Colonna],5,PersonalExceptions[Dal],"<="&INT(F24),PersonalExceptions[Al],">="&INT(F24),PersonalExceptions[Active 0/1],1,PersonalExceptions[Effetto],"Rest") -> 0 | AT24: =COUNTIFS(PersonalExceptions[Colonna],6,PersonalExceptions[Dal],"<="&INT(G24),PersonalExceptions[Al],">="&INT(G24),PersonalExceptions[Active 0/1],1,PersonalExceptions[Effetto],"Rest") -> 0 | AU24: =COUNTIFS(PersonalExceptions[Colonna],7,PersonalExceptions[Dal],"<="&INT(H24),PersonalExceptions[Al],">="&INT(H24),PersonalExceptions[Active 0/1],1,PersonalExceptions[Effetto],"Rest") -> 0 | AW24: =COUNTIFS(PersonalExceptions[Colonna],1,PersonalExceptions[Dal],"<="&INT(B24),PersonalExceptions[Al],">="&INT(B24),PersonalExceptions[Active 0/1],1,PersonalExceptions[Effetto],"Activity") -> 0 | AX24: =COUNTIFS(PersonalExceptions[Colonna],2,PersonalExceptions[Dal],"<="&INT(C24),PersonalExceptions[Al],">="&INT(C24),PersonalExceptions[Active 0/1],1,PersonalExceptions[Effetto],"Activity") -> 0 | AY24: =COUNTIFS(PersonalExceptions[Colonna],3,PersonalExceptions[Dal],"<="&INT(D24),PersonalExceptions[Al],">="&INT(D24),PersonalExceptions[Active 0/1],1,PersonalExceptions[Effetto],"Activity") -> 0 | AZ24: =COUNTIFS(PersonalExceptions[Colonna],4,PersonalExceptions[Dal],"<="&INT(E24),PersonalExceptions[Al],">="&INT(E24),PersonalExceptions[Active 0/1],1,PersonalExceptions[Effetto],"Activity") -> 0 | BA24: =COUNTIFS(PersonalExceptions[Colonna],5,PersonalExceptions[Dal],"<="&INT(F24),PersonalExceptions[Al],">="&INT(F24),PersonalExceptions[Active 0/1],1,PersonalExceptions[Effetto],"Activity") -> 0 | BB24: =COUNTIFS(PersonalExceptions[Colonna],6,PersonalExceptions[Dal],"<="&INT(G24),PersonalExceptions[Al],">="&INT(G24),PersonalExceptions[Active 0/1],1,PersonalExceptions[Effetto],"Activity") -> 0 | BC24: =COUNTIFS(PersonalExceptions[Colonna],7,PersonalExceptions[Dal],"<="&INT(H24),PersonalExceptions[Al],">="&INT(H24),PersonalExceptions[Active 0/1],1,PersonalExceptions[Effetto],"Activity") -> 0 | BE24: =IF(Planner!B$10="Nessuno",0,COUNTIFS(ImportedHolidays[Calendar],Planner!B$10,ImportedHolidays[Date],INT(B24),ImportedHolidays[Active],1,ImportedHolidays[Kind],"WORKDAY")) -> 0 | BF24: =IF(Planner!C$10="Nessuno",0,COUNTIFS(ImportedHolidays[Calendar],Planner!C$10,ImportedHolidays[Date],INT(C24),ImportedHolidays[Active],1,ImportedHolidays[Kind],"WORKDAY")) -> 0 | BG24: =IF(Planner!D$10="Nessuno",0,COUNTIFS(ImportedHolidays[Calendar],Planner!D$10,ImportedHolidays[Date],INT(D24),ImportedHolidays[Active],1,ImportedHolidays[Kind],"WORKDAY")) -> 0 | BH24: =IF(Planner!E$10="Nessuno",0,COUNTIFS(ImportedHolidays[Calendar],Planner!E$10,ImportedHolidays[Date],INT(E24),ImportedHolidays[Active],1,ImportedHolidays[Kind],"WORKDAY")) -> 0 | BI24: =IF(Planner!F$10="Nessuno",0,COUNTIFS(ImportedHolidays[Calendar],Planner!F$10,ImportedHolidays[Date],INT(F24),ImportedHolidays[Active],1,ImportedHolidays[Kind],"WORKDAY")) -> 0 | BJ24: =IF(Planner!G$10="Nessuno",0,COUNTIFS(ImportedHolidays[Calendar],Planner!G$10,ImportedHolidays[Date],INT(G24),ImportedHolidays[Active],1,ImportedHolidays[Kind],"WORKDAY")) -> 0 | BK24: =IF(Planner!H$10="Nessuno",0,COUNTIFS(ImportedHolidays[Calendar],Planner!H$10,ImportedHolidays[Date],INT(H24),ImportedHolidays[Active],1,ImportedHolidays[Kind],"WORKDAY")) -> 0 | BM24: =IF(MOD(J24-B$11,1440)<B$12,2,IF(OR(MOD(J24-B$11,1440)<B$12+ROUND(Planner!$D$5*60,0),MOD(J24-B$11,1440)>=1440-ROUND(Planner!$B$5*60,0)),1,0)) -> 2 | BN24: =IF(MOD(K24-C$11,1440)<C$12,2,IF(OR(MOD(K24-C$11,1440)<C$12+ROUND(Planner!$D$5*60,0),MOD(K24-C$11,1440)>=1440-ROUND(Planner!$B$5*60,0)),1,0)) -> 0 | BO24: =IF(MOD(L24-D$11,1440)<D$12,2,IF(OR(MOD(L24-D$11,1440)<D$12+ROUND(Planner!$D$5*60,0),MOD(L24-D$11,1440)>=1440-ROUND(Planner!$B$5*60,0)),1,0)) -> 0 | BP24: =IF(MOD(M24-E$11,1440)<E$12,2,IF(OR(MOD(M24-E$11,1440)<E$12+ROUND(Planner!$D$5*60,0),MOD(M24-E$11,1440)>=1440-ROUND(Planner!$B$5*60,0)),1,0)) -> 0 | BQ24: =IF(MOD(N24-F$11,1440)<F$12,2,IF(OR(MOD(N24-F$11,1440)<F$12+ROUND(Planner!$D$5*60,0),MOD(N24-F$11,1440)>=1440-ROUND(Planner!$B$5*60,0)),1,0)) -> 0 | BR24: =IF(MOD(O24-G$11,1440)<G$12,2,IF(OR(MOD(O24-G$11,1440)<G$12+ROUND(Planner!$D$5*60,0),MOD(O24-G$11,1440)>=1440-ROUND(Planner!$B$5*60,0)),1,0)) -> 0 | BS24: =IF(MOD(P24-H$11,1440)<H$12,2,IF(OR(MOD(P24-H$11,1440)<H$12+ROUND(Planner!$D$5*60,0),MOD(P24-H$11,1440)>=1440-ROUND(Planner!$B$5*60,0)),1,0)) -> 2
A25: =ROUND(($B$6+8*60/1440)*1440,0)/1440 -> 46289.042 | B25: =IF(COUNTIFS(ZonePeriods[Code],Planner!B$9,ZonePeriods[FromUtc],"<="&$A25,ZonePeriods[UntilUtc],">"&$A25)=1,ROUND(($A25+SUMIFS(ZonePeriods[OffsetHours],ZonePeriods[Code],Planner!B$9,ZonePeriods[FromUtc],"<="&$A25,ZonePeriods[UntilUtc],">"&$A25)/24)*1440,0)/1440,NA()) -> 46289.333 | C25: =IF(COUNTIFS(ZonePeriods[Code],Planner!C$9,ZonePeriods[FromUtc],"<="&$A25,ZonePeriods[UntilUtc],">"&$A25)=1,ROUND(($A25+SUMIFS(ZonePeriods[OffsetHours],ZonePeriods[Code],Planner!C$9,ZonePeriods[FromUtc],"<="&$A25,ZonePeriods[UntilUtc],">"&$A25)/24)*1440,0)/1440,NA()) -> 46289.271 | D25: =IF(COUNTIFS(ZonePeriods[Code],Planner!D$9,ZonePeriods[FromUtc],"<="&$A25,ZonePeriods[UntilUtc],">"&$A25)=1,ROUND(($A25+SUMIFS(ZonePeriods[OffsetHours],ZonePeriods[Code],Planner!D$9,ZonePeriods[FromUtc],"<="&$A25,ZonePeriods[UntilUtc],">"&$A25)/24)*1440,0)/1440,NA()) -> 46289.167 | E25: =IF(COUNTIFS(ZonePeriods[Code],Planner!E$9,ZonePeriods[FromUtc],"<="&$A25,ZonePeriods[UntilUtc],">"&$A25)=1,ROUND(($A25+SUMIFS(ZonePeriods[OffsetHours],ZonePeriods[Code],Planner!E$9,ZonePeriods[FromUtc],"<="&$A25,ZonePeriods[UntilUtc],">"&$A25)/24)*1440,0)/1440,NA()) -> 46289.125 | F25: =IF(COUNTIFS(ZonePeriods[Code],Planner!F$9,ZonePeriods[FromUtc],"<="&$A25,ZonePeriods[UntilUtc],">"&$A25)=1,ROUND(($A25+SUMIFS(ZonePeriods[OffsetHours],ZonePeriods[Code],Planner!F$9,ZonePeriods[FromUtc],"<="&$A25,ZonePeriods[UntilUtc],">"&$A25)/24)*1440,0)/1440,NA()) -> 46289.083 | G25: =IF(COUNTIFS(ZonePeriods[Code],Planner!G$9,ZonePeriods[FromUtc],"<="&$A25,ZonePeriods[UntilUtc],">"&$A25)=1,ROUND(($A25+SUMIFS(ZonePeriods[OffsetHours],ZonePeriods[Code],Planner!G$9,ZonePeriods[FromUtc],"<="&$A25,ZonePeriods[UntilUtc],">"&$A25)/24)*1440,0)/1440,NA()) -> 46288.875 | H25: =IF(COUNTIFS(ZonePeriods[Code],Planner!H$9,ZonePeriods[FromUtc],"<="&$A25,ZonePeriods[UntilUtc],">"&$A25)=1,ROUND(($A25+SUMIFS(ZonePeriods[OffsetHours],ZonePeriods[Code],Planner!H$9,ZonePeriods[FromUtc],"<="&$A25,ZonePeriods[UntilUtc],">"&$A25)/24)*1440,0)/1440,NA()) -> 46288.75 | J25: =MOD(ROUND(B25*1440,0),1440) -> 480 | K25: =MOD(ROUND(C25*1440,0),1440) -> 390 | L25: =MOD(ROUND(D25*1440,0),1440) -> 240 | M25: =MOD(ROUND(E25*1440,0),1440) -> 180 | N25: =MOD(ROUND(F25*1440,0),1440) -> 120 | O25: =MOD(ROUND(G25*1440,0),1440) -> 1260 | P25: =MOD(ROUND(H25*1440,0),1440) -> 1080 | R25: =IFERROR(IF(AND($B$7,$B$8,B$10),IF(AO25+AW25>1,-1,IF(AO25=1,0,IF(AW25=1,BM25,IF(Z25>0,0,IF(AND(AH25,BE25=0),0,BM25))))),-1),-1) -> 2 | S25: =IFERROR(IF(AND($B$7,$B$8,C$10),IF(AP25+AX25>1,-1,IF(AP25=1,0,IF(AX25=1,BN25,IF(AA25>0,0,IF(AND(AI25,BF25=0),0,BN25))))),-1),-1) -> 0 | T25: =IFERROR(IF(AND($B$7,$B$8,D$10),IF(AQ25+AY25>1,-1,IF(AQ25=1,0,IF(AY25=1,BO25,IF(AB25>0,0,IF(AND(AJ25,BG25=0),0,BO25))))),-1),-1) -> 0 | U25: =IFERROR(IF(AND($B$7,$B$8,E$10),IF(AR25+AZ25>1,-1,IF(AR25=1,0,IF(AZ25=1,BP25,IF(AC25>0,0,IF(AND(AK25,BH25=0),0,BP25))))),-1),-1) -> 0 | V25: =IFERROR(IF(AND($B$7,$B$8,F$10),IF(AS25+BA25>1,-1,IF(AS25=1,0,IF(BA25=1,BQ25,IF(AD25>0,0,IF(AND(AL25,BI25=0),0,BQ25))))),-1),-1) -> 0 | W25: =IFERROR(IF(AND($B$7,$B$8,G$10),IF(AT25+BB25>1,-1,IF(AT25=1,0,IF(BB25=1,BR25,IF(AE25>0,0,IF(AND(AM25,BJ25=0),0,BR25))))),-1),-1) -> 0 | X25: =IFERROR(IF(AND($B$7,$B$8,H$10),IF(AU25+BC25>1,-1,IF(AU25=1,0,IF(BC25=1,BS25,IF(AF25>0,0,IF(AND(AN25,BK25=0),0,BS25))))),-1),-1) -> 1 | Z25: =IF(Planner!B$10="Nessuno",0,COUNTIFS(HolidayDates[Calendar],Planner!B$10,HolidayDates[Local date],INT(B25),HolidayDates[Active 0/1],1)+COUNTIFS(ImportedHolidays[Calendar],Planner!B$10,ImportedHolidays[Date],INT(B25),ImportedHolidays[Active],1,ImportedHolidays[Kind],"HOLIDAY")) -> 0 | AA25: =IF(Planner!C$10="Nessuno",0,COUNTIFS(HolidayDates[Calendar],Planner!C$10,HolidayDates[Local date],INT(C25),HolidayDates[Active 0/1],1)+COUNTIFS(ImportedHolidays[Calendar],Planner!C$10,ImportedHolidays[Date],INT(C25),ImportedHolidays[Active],1,ImportedHolidays[Kind],"HOLIDAY")) -> 0 | AB25: =IF(Planner!D$10="Nessuno",0,COUNTIFS(HolidayDates[Calendar],Planner!D$10,HolidayDates[Local date],INT(D25),HolidayDates[Active 0/1],1)+COUNTIFS(ImportedHolidays[Calendar],Planner!D$10,ImportedHolidays[Date],INT(D25),ImportedHolidays[Active],1,ImportedHolidays[Kind],"HOLIDAY")) -> 0 | AC25: =IF(Planner!E$10="Nessuno",0,COUNTIFS(HolidayDates[Calendar],Planner!E$10,HolidayDates[Local date],INT(E25),HolidayDates[Active 0/1],1)+COUNTIFS(ImportedHolidays[Calendar],Planner!E$10,ImportedHolidays[Date],INT(E25),ImportedHolidays[Active],1,ImportedHolidays[Kind],"HOLIDAY")) -> 0 | AD25: =IF(Planner!F$10="Nessuno",0,COUNTIFS(HolidayDates[Calendar],Planner!F$10,HolidayDates[Local date],INT(F25),HolidayDates[Active 0/1],1)+COUNTIFS(ImportedHolidays[Calendar],Planner!F$10,ImportedHolidays[Date],INT(F25),ImportedHolidays[Active],1,ImportedHolidays[Kind],"HOLIDAY")) -> 0 | AE25: =IF(Planner!G$10="Nessuno",0,COUNTIFS(HolidayDates[Calendar],Planner!G$10,HolidayDates[Local date],INT(G25),HolidayDates[Active 0/1],1)+COUNTIFS(ImportedHolidays[Calendar],Planner!G$10,ImportedHolidays[Date],INT(G25),ImportedHolidays[Active],1,ImportedHolidays[Kind],"HOLIDAY")) -> 0 | AF25: =IF(Planner!H$10="Nessuno",0,COUNTIFS(HolidayDates[Calendar],Planner!H$10,HolidayDates[Local date],INT(H25),HolidayDates[Active 0/1],1)+COUNTIFS(ImportedHolidays[Calendar],Planner!H$10,ImportedHolidays[Date],INT(H25),ImportedHolidays[Active],1,ImportedHolidays[Kind],"HOLIDAY")) -> 0 | AH25: =INDEX(Parametri!$G12:$M12,1,WEEKDAY(INT(B25),2))=1 -> FALSE | AI25: =INDEX(Parametri!$G13:$M13,1,WEEKDAY(INT(C25),2))=1 -> FALSE | AJ25: =INDEX(Parametri!$G14:$M14,1,WEEKDAY(INT(D25),2))=1 -> FALSE | AK25: =INDEX(Parametri!$G15:$M15,1,WEEKDAY(INT(E25),2))=1 -> FALSE | AL25: =INDEX(Parametri!$G16:$M16,1,WEEKDAY(INT(F25),2))=1 -> FALSE | AM25: =INDEX(Parametri!$G17:$M17,1,WEEKDAY(INT(G25),2))=1 -> FALSE | AN25: =INDEX(Parametri!$G18:$M18,1,WEEKDAY(INT(H25),2))=1 -> FALSE | AO25: =COUNTIFS(PersonalExceptions[Colonna],1,PersonalExceptions[Dal],"<="&INT(B25),PersonalExceptions[Al],">="&INT(B25),PersonalExceptions[Active 0/1],1,PersonalExceptions[Effetto],"Rest") -> 0 | AP25: =COUNTIFS(PersonalExceptions[Colonna],2,PersonalExceptions[Dal],"<="&INT(C25),PersonalExceptions[Al],">="&INT(C25),PersonalExceptions[Active 0/1],1,PersonalExceptions[Effetto],"Rest") -> 0 | AQ25: =COUNTIFS(PersonalExceptions[Colonna],3,PersonalExceptions[Dal],"<="&INT(D25),PersonalExceptions[Al],">="&INT(D25),PersonalExceptions[Active 0/1],1,PersonalExceptions[Effetto],"Rest") -> 0 | AR25: =COUNTIFS(PersonalExceptions[Colonna],4,PersonalExceptions[Dal],"<="&INT(E25),PersonalExceptions[Al],">="&INT(E25),PersonalExceptions[Active 0/1],1,PersonalExceptions[Effetto],"Rest") -> 0 | AS25: =COUNTIFS(PersonalExceptions[Colonna],5,PersonalExceptions[Dal],"<="&INT(F25),PersonalExceptions[Al],">="&INT(F25),PersonalExceptions[Active 0/1],1,PersonalExceptions[Effetto],"Rest") -> 0 | AT25: =COUNTIFS(PersonalExceptions[Colonna],6,PersonalExceptions[Dal],"<="&INT(G25),PersonalExceptions[Al],">="&INT(G25),PersonalExceptions[Active 0/1],1,PersonalExceptions[Effetto],"Rest") -> 0 | AU25: =COUNTIFS(PersonalExceptions[Colonna],7,PersonalExceptions[Dal],"<="&INT(H25),PersonalExceptions[Al],">="&INT(H25),PersonalExceptions[Active 0/1],1,PersonalExceptions[Effetto],"Rest") -> 0 | AW25: =COUNTIFS(PersonalExceptions[Colonna],1,PersonalExceptions[Dal],"<="&INT(B25),PersonalExceptions[Al],">="&INT(B25),PersonalExceptions[Active 0/1],1,PersonalExceptions[Effetto],"Activity") -> 0 | AX25: =COUNTIFS(PersonalExceptions[Colonna],2,PersonalExceptions[Dal],"<="&INT(C25),PersonalExceptions[Al],">="&INT(C25),PersonalExceptions[Active 0/1],1,PersonalExceptions[Effetto],"Activity") -> 0 | AY25: =COUNTIFS(PersonalExceptions[Colonna],3,PersonalExceptions[Dal],"<="&INT(D25),PersonalExceptions[Al],">="&INT(D25),PersonalExceptions[Active 0/1],1,PersonalExceptions[Effetto],"Activity") -> 0 | AZ25: =COUNTIFS(PersonalExceptions[Colonna],4,PersonalExceptions[Dal],"<="&INT(E25),PersonalExceptions[Al],">="&INT(E25),PersonalExceptions[Active 0/1],1,PersonalExceptions[Effetto],"Activity") -> 0 | BA25: =COUNTIFS(PersonalExceptions[Colonna],5,PersonalExceptions[Dal],"<="&INT(F25),PersonalExceptions[Al],">="&INT(F25),PersonalExceptions[Active 0/1],1,PersonalExceptions[Effetto],"Activity") -> 0 | BB25: =COUNTIFS(PersonalExceptions[Colonna],6,PersonalExceptions[Dal],"<="&INT(G25),PersonalExceptions[Al],">="&INT(G25),PersonalExceptions[Active 0/1],1,PersonalExceptions[Effetto],"Activity") -> 0 | BC25: =COUNTIFS(PersonalExceptions[Colonna],7,PersonalExceptions[Dal],"<="&INT(H25),PersonalExceptions[Al],">="&INT(H25),PersonalExceptions[Active 0/1],1,PersonalExceptions[Effetto],"Activity") -> 0 | BE25: =IF(Planner!B$10="Nessuno",0,COUNTIFS(ImportedHolidays[Calendar],Planner!B$10,ImportedHolidays[Date],INT(B25),ImportedHolidays[Active],1,ImportedHolidays[Kind],"WORKDAY")) -> 0 | BF25: =IF(Planner!C$10="Nessuno",0,COUNTIFS(ImportedHolidays[Calendar],Planner!C$10,ImportedHolidays[Date],INT(C25),ImportedHolidays[Active],1,ImportedHolidays[Kind],"WORKDAY")) -> 0 | BG25: =IF(Planner!D$10="Nessuno",0,COUNTIFS(ImportedHolidays[Calendar],Planner!D$10,ImportedHolidays[Date],INT(D25),ImportedHolidays[Active],1,ImportedHolidays[Kind],"WORKDAY")) -> 0 | BH25: =IF(Planner!E$10="Nessuno",0,COUNTIFS(ImportedHolidays[Calendar],Planner!E$10,ImportedHolidays[Date],INT(E25),ImportedHolidays[Active],1,ImportedHolidays[Kind],"WORKDAY")) -> 0 | BI25: =IF(Planner!F$10="Nessuno",0,COUNTIFS(ImportedHolidays[Calendar],Planner!F$10,ImportedHolidays[Date],INT(F25),ImportedHolidays[Active],1,ImportedHolidays[Kind],"WORKDAY")) -> 0 | BJ25: =IF(Planner!G$10="Nessuno",0,COUNTIFS(ImportedHolidays[Calendar],Planner!G$10,ImportedHolidays[Date],INT(G25),ImportedHolidays[Active],1,ImportedHolidays[Kind],"WORKDAY")) -> 0 | BK25: =IF(Planner!H$10="Nessuno",0,COUNTIFS(ImportedHolidays[Calendar],Planner!H$10,ImportedHolidays[Date],INT(H25),ImportedHolidays[Active],1,ImportedHolidays[Kind],"WORKDAY")) -> 0 | BM25: =IF(MOD(J25-B$11,1440)<B$12,2,IF(OR(MOD(J25-B$11,1440)<B$12+ROUND(Planner!$D$5*60,0),MOD(J25-B$11,1440)>=1440-ROUND(Planner!$B$5*60,0)),1,0)) -> 2 | BN25: =IF(MOD(K25-C$11,1440)<C$12,2,IF(OR(MOD(K25-C$11,1440)<C$12+ROUND(Planner!$D$5*60,0),MOD(K25-C$11,1440)>=1440-ROUND(Planner!$B$5*60,0)),1,0)) -> 0 | BO25: =IF(MOD(L25-D$11,1440)<D$12,2,IF(OR(MOD(L25-D$11,1440)<D$12+ROUND(Planner!$D$5*60,0),MOD(L25-D$11,1440)>=1440-ROUND(Planner!$B$5*60,0)),1,0)) -> 0 | BP25: =IF(MOD(M25-E$11,1440)<E$12,2,IF(OR(MOD(M25-E$11,1440)<E$12+ROUND(Planner!$D$5*60,0),MOD(M25-E$11,1440)>=1440-ROUND(Planner!$B$5*60,0)),1,0)) -> 0 | BQ25: =IF(MOD(N25-F$11,1440)<F$12,2,IF(OR(MOD(N25-F$11,1440)<F$12+ROUND(Planner!$D$5*60,0),MOD(N25-F$11,1440)>=1440-ROUND(Planner!$B$5*60,0)),1,0)) -> 0 | BR25: =IF(MOD(O25-G$11,1440)<G$12,2,IF(OR(MOD(O25-G$11,1440)<G$12+ROUND(Planner!$D$5*60,0),MOD(O25-G$11,1440)>=1440-ROUND(Planner!$B$5*60,0)),1,0)) -> 0 | BS25: =IF(MOD(P25-H$11,1440)<H$12,2,IF(OR(MOD(P25-H$11,1440)<H$12+ROUND(Planner!$D$5*60,0),MOD(P25-H$11,1440)>=1440-ROUND(Planner!$B$5*60,0)),1,0)) -> 1
A26: =ROUND(($B$6+9*60/1440)*1440,0)/1440 -> 46289.083 | B26: =IF(COUNTIFS(ZonePeriods[Code],Planner!B$9,ZonePeriods[FromUtc],"<="&$A26,ZonePeriods[UntilUtc],">"&$A26)=1,ROUND(($A26+SUMIFS(ZonePeriods[OffsetHours],ZonePeriods[Code],Planner!B$9,ZonePeriods[FromUtc],"<="&$A26,ZonePeriods[UntilUtc],">"&$A26)/24)*1440,0)/1440,NA()) -> 46289.375 | C26: =IF(COUNTIFS(ZonePeriods[Code],Planner!C$9,ZonePeriods[FromUtc],"<="&$A26,ZonePeriods[UntilUtc],">"&$A26)=1,ROUND(($A26+SUMIFS(ZonePeriods[OffsetHours],ZonePeriods[Code],Planner!C$9,ZonePeriods[FromUtc],"<="&$A26,ZonePeriods[UntilUtc],">"&$A26)/24)*1440,0)/1440,NA()) -> 46289.312 | D26: =IF(COUNTIFS(ZonePeriods[Code],Planner!D$9,ZonePeriods[FromUtc],"<="&$A26,ZonePeriods[UntilUtc],">"&$A26)=1,ROUND(($A26+SUMIFS(ZonePeriods[OffsetHours],ZonePeriods[Code],Planner!D$9,ZonePeriods[FromUtc],"<="&$A26,ZonePeriods[UntilUtc],">"&$A26)/24)*1440,0)/1440,NA()) -> 46289.208 | E26: =IF(COUNTIFS(ZonePeriods[Code],Planner!E$9,ZonePeriods[FromUtc],"<="&$A26,ZonePeriods[UntilUtc],">"&$A26)=1,ROUND(($A26+SUMIFS(ZonePeriods[OffsetHours],ZonePeriods[Code],Planner!E$9,ZonePeriods[FromUtc],"<="&$A26,ZonePeriods[UntilUtc],">"&$A26)/24)*1440,0)/1440,NA()) -> 46289.167 | F26: =IF(COUNTIFS(ZonePeriods[Code],Planner!F$9,ZonePeriods[FromUtc],"<="&$A26,ZonePeriods[UntilUtc],">"&$A26)=1,ROUND(($A26+SUMIFS(ZonePeriods[OffsetHours],ZonePeriods[Code],Planner!F$9,ZonePeriods[FromUtc],"<="&$A26,ZonePeriods[UntilUtc],">"&$A26)/24)*1440,0)/1440,NA()) -> 46289.125 | G26: =IF(COUNTIFS(ZonePeriods[Code],Planner!G$9,ZonePeriods[FromUtc],"<="&$A26,ZonePeriods[UntilUtc],">"&$A26)=1,ROUND(($A26+SUMIFS(ZonePeriods[OffsetHours],ZonePeriods[Code],Planner!G$9,ZonePeriods[FromUtc],"<="&$A26,ZonePeriods[UntilUtc],">"&$A26)/24)*1440,0)/1440,NA()) -> 46288.917 | H26: =IF(COUNTIFS(ZonePeriods[Code],Planner!H$9,ZonePeriods[FromUtc],"<="&$A26,ZonePeriods[UntilUtc],">"&$A26)=1,ROUND(($A26+SUMIFS(ZonePeriods[OffsetHours],ZonePeriods[Code],Planner!H$9,ZonePeriods[FromUtc],"<="&$A26,ZonePeriods[UntilUtc],">"&$A26)/24)*1440,0)/1440,NA()) -> 46288.792 | J26: =MOD(ROUND(B26*1440,0),1440) -> 540 | K26: =MOD(ROUND(C26*1440,0),1440) -> 450 | L26: =MOD(ROUND(D26*1440,0),1440) -> 300 | M26: =MOD(ROUND(E26*1440,0),1440) -> 240 | N26: =MOD(ROUND(F26*1440,0),1440) -> 180 | O26: =MOD(ROUND(G26*1440,0),1440) -> 1320 | P26: =MOD(ROUND(H26*1440,0),1440) -> 1140 | R26: =IFERROR(IF(AND($B$7,$B$8,B$10),IF(AO26+AW26>1,-1,IF(AO26=1,0,IF(AW26=1,BM26,IF(Z26>0,0,IF(AND(AH26,BE26=0),0,BM26))))),-1),-1) -> 2 | S26: =IFERROR(IF(AND($B$7,$B$8,C$10),IF(AP26+AX26>1,-1,IF(AP26=1,0,IF(AX26=1,BN26,IF(AA26>0,0,IF(AND(AI26,BF26=0),0,BN26))))),-1),-1) -> 1 | T26: =IFERROR(IF(AND($B$7,$B$8,D$10),IF(AQ26+AY26>1,-1,IF(AQ26=1,0,IF(AY26=1,BO26,IF(AB26>0,0,IF(AND(AJ26,BG26=0),0,BO26))))),-1),-1) -> 0 | U26: =IFERROR(IF(AND($B$7,$B$8,E$10),IF(AR26+AZ26>1,-1,IF(AR26=1,0,IF(AZ26=1,BP26,IF(AC26>0,0,IF(AND(AK26,BH26=0),0,BP26))))),-1),-1) -> 0 | V26: =IFERROR(IF(AND($B$7,$B$8,F$10),IF(AS26+BA26>1,-1,IF(AS26=1,0,IF(BA26=1,BQ26,IF(AD26>0,0,IF(AND(AL26,BI26=0),0,BQ26))))),-1),-1) -> 0 | W26: =IFERROR(IF(AND($B$7,$B$8,G$10),IF(AT26+BB26>1,-1,IF(AT26=1,0,IF(BB26=1,BR26,IF(AE26>0,0,IF(AND(AM26,BJ26=0),0,BR26))))),-1),-1) -> 0 | X26: =IFERROR(IF(AND($B$7,$B$8,H$10),IF(AU26+BC26>1,-1,IF(AU26=1,0,IF(BC26=1,BS26,IF(AF26>0,0,IF(AND(AN26,BK26=0),0,BS26))))),-1),-1) -> 1 | Z26: =IF(Planner!B$10="Nessuno",0,COUNTIFS(HolidayDates[Calendar],Planner!B$10,HolidayDates[Local date],INT(B26),HolidayDates[Active 0/1],1)+COUNTIFS(ImportedHolidays[Calendar],Planner!B$10,ImportedHolidays[Date],INT(B26),ImportedHolidays[Active],1,ImportedHolidays[Kind],"HOLIDAY")) -> 0 | AA26: =IF(Planner!C$10="Nessuno",0,COUNTIFS(HolidayDates[Calendar],Planner!C$10,HolidayDates[Local date],INT(C26),HolidayDates[Active 0/1],1)+COUNTIFS(ImportedHolidays[Calendar],Planner!C$10,ImportedHolidays[Date],INT(C26),ImportedHolidays[Active],1,ImportedHolidays[Kind],"HOLIDAY")) -> 0 | AB26: =IF(Planner!D$10="Nessuno",0,COUNTIFS(HolidayDates[Calendar],Planner!D$10,HolidayDates[Local date],INT(D26),HolidayDates[Active 0/1],1)+COUNTIFS(ImportedHolidays[Calendar],Planner!D$10,ImportedHolidays[Date],INT(D26),ImportedHolidays[Active],1,ImportedHolidays[Kind],"HOLIDAY")) -> 0 | AC26: =IF(Planner!E$10="Nessuno",0,COUNTIFS(HolidayDates[Calendar],Planner!E$10,HolidayDates[Local date],INT(E26),HolidayDates[Active 0/1],1)+COUNTIFS(ImportedHolidays[Calendar],Planner!E$10,ImportedHolidays[Date],INT(E26),ImportedHolidays[Active],1,ImportedHolidays[Kind],"HOLIDAY")) -> 0 | AD26: =IF(Planner!F$10="Nessuno",0,COUNTIFS(HolidayDates[Calendar],Planner!F$10,HolidayDates[Local date],INT(F26),HolidayDates[Active 0/1],1)+COUNTIFS(ImportedHolidays[Calendar],Planner!F$10,ImportedHolidays[Date],INT(F26),ImportedHolidays[Active],1,ImportedHolidays[Kind],"HOLIDAY")) -> 0 | AE26: =IF(Planner!G$10="Nessuno",0,COUNTIFS(HolidayDates[Calendar],Planner!G$10,HolidayDates[Local date],INT(G26),HolidayDates[Active 0/1],1)+COUNTIFS(ImportedHolidays[Calendar],Planner!G$10,ImportedHolidays[Date],INT(G26),ImportedHolidays[Active],1,ImportedHolidays[Kind],"HOLIDAY")) -> 0 | AF26: =IF(Planner!H$10="Nessuno",0,COUNTIFS(HolidayDates[Calendar],Planner!H$10,HolidayDates[Local date],INT(H26),HolidayDates[Active 0/1],1)+COUNTIFS(ImportedHolidays[Calendar],Planner!H$10,ImportedHolidays[Date],INT(H26),ImportedHolidays[Active],1,ImportedHolidays[Kind],"HOLIDAY")) -> 0 | AH26: =INDEX(Parametri!$G12:$M12,1,WEEKDAY(INT(B26),2))=1 -> FALSE | AI26: =INDEX(Parametri!$G13:$M13,1,WEEKDAY(INT(C26),2))=1 -> FALSE | AJ26: =INDEX(Parametri!$G14:$M14,1,WEEKDAY(INT(D26),2))=1 -> FALSE | AK26: =INDEX(Parametri!$G15:$M15,1,WEEKDAY(INT(E26),2))=1 -> FALSE | AL26: =INDEX(Parametri!$G16:$M16,1,WEEKDAY(INT(F26),2))=1 -> FALSE | AM26: =INDEX(Parametri!$G17:$M17,1,WEEKDAY(INT(G26),2))=1 -> FALSE | AN26: =INDEX(Parametri!$G18:$M18,1,WEEKDAY(INT(H26),2))=1 -> FALSE | AO26: =COUNTIFS(PersonalExceptions[Colonna],1,PersonalExceptions[Dal],"<="&INT(B26),PersonalExceptions[Al],">="&INT(B26),PersonalExceptions[Active 0/1],1,PersonalExceptions[Effetto],"Rest") -> 0 | AP26: =COUNTIFS(PersonalExceptions[Colonna],2,PersonalExceptions[Dal],"<="&INT(C26),PersonalExceptions[Al],">="&INT(C26),PersonalExceptions[Active 0/1],1,PersonalExceptions[Effetto],"Rest") -> 0 | AQ26: =COUNTIFS(PersonalExceptions[Colonna],3,PersonalExceptions[Dal],"<="&INT(D26),PersonalExceptions[Al],">="&INT(D26),PersonalExceptions[Active 0/1],1,PersonalExceptions[Effetto],"Rest") -> 0 | AR26: =COUNTIFS(PersonalExceptions[Colonna],4,PersonalExceptions[Dal],"<="&INT(E26),PersonalExceptions[Al],">="&INT(E26),PersonalExceptions[Active 0/1],1,PersonalExceptions[Effetto],"Rest") -> 0 | AS26: =COUNTIFS(PersonalExceptions[Colonna],5,PersonalExceptions[Dal],"<="&INT(F26),PersonalExceptions[Al],">="&INT(F26),PersonalExceptions[Active 0/1],1,PersonalExceptions[Effetto],"Rest") -> 0 | AT26: =COUNTIFS(PersonalExceptions[Colonna],6,PersonalExceptions[Dal],"<="&INT(G26),PersonalExceptions[Al],">="&INT(G26),PersonalExceptions[Active 0/1],1,PersonalExceptions[Effetto],"Rest") -> 0 | AU26: =COUNTIFS(PersonalExceptions[Colonna],7,PersonalExceptions[Dal],"<="&INT(H26),PersonalExceptions[Al],">="&INT(H26),PersonalExceptions[Active 0/1],1,PersonalExceptions[Effetto],"Rest") -> 0 | AW26: =COUNTIFS(PersonalExceptions[Colonna],1,PersonalExceptions[Dal],"<="&INT(B26),PersonalExceptions[Al],">="&INT(B26),PersonalExceptions[Active 0/1],1,PersonalExceptions[Effetto],"Activity") -> 0 | AX26: =COUNTIFS(PersonalExceptions[Colonna],2,PersonalExceptions[Dal],"<="&INT(C26),PersonalExceptions[Al],">="&INT(C26),PersonalExceptions[Active 0/1],1,PersonalExceptions[Effetto],"Activity") -> 0 | AY26: =COUNTIFS(PersonalExceptions[Colonna],3,PersonalExceptions[Dal],"<="&INT(D26),PersonalExceptions[Al],">="&INT(D26),PersonalExceptions[Active 0/1],1,PersonalExceptions[Effetto],"Activity") -> 0 | AZ26: =COUNTIFS(PersonalExceptions[Colonna],4,PersonalExceptions[Dal],"<="&INT(E26),PersonalExceptions[Al],">="&INT(E26),PersonalExceptions[Active 0/1],1,PersonalExceptions[Effetto],"Activity") -> 0 | BA26: =COUNTIFS(PersonalExceptions[Colonna],5,PersonalExceptions[Dal],"<="&INT(F26),PersonalExceptions[Al],">="&INT(F26),PersonalExceptions[Active 0/1],1,PersonalExceptions[Effetto],"Activity") -> 0 | BB26: =COUNTIFS(PersonalExceptions[Colonna],6,PersonalExceptions[Dal],"<="&INT(G26),PersonalExceptions[Al],">="&INT(G26),PersonalExceptions[Active 0/1],1,PersonalExceptions[Effetto],"Activity") -> 0 | BC26: =COUNTIFS(PersonalExceptions[Colonna],7,PersonalExceptions[Dal],"<="&INT(H26),PersonalExceptions[Al],">="&INT(H26),PersonalExceptions[Active 0/1],1,PersonalExceptions[Effetto],"Activity") -> 0 | BE26: =IF(Planner!B$10="Nessuno",0,COUNTIFS(ImportedHolidays[Calendar],Planner!B$10,ImportedHolidays[Date],INT(B26),ImportedHolidays[Active],1,ImportedHolidays[Kind],"WORKDAY")) -> 0 | BF26: =IF(Planner!C$10="Nessuno",0,COUNTIFS(ImportedHolidays[Calendar],Planner!C$10,ImportedHolidays[Date],INT(C26),ImportedHolidays[Active],1,ImportedHolidays[Kind],"WORKDAY")) -> 0 | BG26: =IF(Planner!D$10="Nessuno",0,COUNTIFS(ImportedHolidays[Calendar],Planner!D$10,ImportedHolidays[Date],INT(D26),ImportedHolidays[Active],1,ImportedHolidays[Kind],"WORKDAY")) -> 0 | BH26: =IF(Planner!E$10="Nessuno",0,COUNTIFS(ImportedHolidays[Calendar],Planner!E$10,ImportedHolidays[Date],INT(E26),ImportedHolidays[Active],1,ImportedHolidays[Kind],"WORKDAY")) -> 0 | BI26: =IF(Planner!F$10="Nessuno",0,COUNTIFS(ImportedHolidays[Calendar],Planner!F$10,ImportedHolidays[Date],INT(F26),ImportedHolidays[Active],1,ImportedHolidays[Kind],"WORKDAY")) -> 0 | BJ26: =IF(Planner!G$10="Nessuno",0,COUNTIFS(ImportedHolidays[Calendar],Planner!G$10,ImportedHolidays[Date],INT(G26),ImportedHolidays[Active],1,ImportedHolidays[Kind],"WORKDAY")) -> 0 | BK26: =IF(Planner!H$10="Nessuno",0,COUNTIFS(ImportedHolidays[Calendar],Planner!H$10,ImportedHolidays[Date],INT(H26),ImportedHolidays[Active],1,ImportedHolidays[Kind],"WORKDAY")) -> 0 | BM26: =IF(MOD(J26-B$11,1440)<B$12,2,IF(OR(MOD(J26-B$11,1440)<B$12+ROUND(Planner!$D$5*60,0),MOD(J26-B$11,1440)>=1440-ROUND(Planner!$B$5*60,0)),1,0)) -> 2 | BN26: =IF(MOD(K26-C$11,1440)<C$12,2,IF(OR(MOD(K26-C$11,1440)<C$12+ROUND(Planner!$D$5*60,0),MOD(K26-C$11,1440)>=1440-ROUND(Planner!$B$5*60,0)),1,0)) -> 1 | BO26: =IF(MOD(L26-D$11,1440)<D$12,2,IF(OR(MOD(L26-D$11,1440)<D$12+ROUND(Planner!$D$5*60,0),MOD(L26-D$11,1440)>=1440-ROUND(Planner!$B$5*60,0)),1,0)) -> 0 | BP26: =IF(MOD(M26-E$11,1440)<E$12,2,IF(OR(MOD(M26-E$11,1440)<E$12+ROUND(Planner!$D$5*60,0),MOD(M26-E$11,1440)>=1440-ROUND(Planner!$B$5*60,0)),1,0)) -> 0 | BQ26: =IF(MOD(N26-F$11,1440)<F$12,2,IF(OR(MOD(N26-F$11,1440)<F$12+ROUND(Planner!$D$5*60,0),MOD(N26-F$11,1440)>=1440-ROUND(Planner!$B$5*60,0)),1,0)) -> 0 | BR26: =IF(MOD(O26-G$11,1440)<G$12,2,IF(OR(MOD(O26-G$11,1440)<G$12+ROUND(Planner!$D$5*60,0),MOD(O26-G$11,1440)>=1440-ROUND(Planner!$B$5*60,0)),1,0)) -> 0 | BS26: =IF(MOD(P26-H$11,1440)<H$12,2,IF(OR(MOD(P26-H$11,1440)<H$12+ROUND(Planner!$D$5*60,0),MOD(P26-H$11,1440)>=1440-ROUND(Planner!$B$5*60,0)),1,0)) -> 1
